Return_ID,Transaction_ID,Return_Date,Return_Reason,Refund_Amount
RET00001,TXN024538,2025-06-11,Quality Not as Expected,24565.05
RET00002,TXN021031,2025-12-05,Defective Product,5631.09
RET00003,TXN021229,2024-09-11,Defective Product,26353.3
RET00004,TXN033182,2024-03-16,Size/Fit Issue,28756.82
RET00005,TXN003316,2025-11-17,Changed Mind,143.11
RET00006,TXN029950,2025-09-27,Duplicate Order,46739.17
RET00007,TXN032329,2025-10-13,Duplicate Order,15422.21
RET00008,TXN005502,2024-09-01,Damaged in Transit,18205.87
RET00009,TXN006991,2024-04-24,Duplicate Order,16292.21
RET00010,TXN008234,2025-07-21,Size/Fit Issue,11183.66
RET00011,TXN040627,2025-06-03,Duplicate Order,21451.39
RET00012,TXN025250,2025-07-08,Quality Not as Expected,2027.97
RET00013,TXN022863,2025-06-07,Size/Fit Issue,3514.94
RET00014,TXN012267,2024-10-04,Wrong Item Delivered,1849.56
RET00015,TXN026433,2025-06-06,Wrong Item Delivered,41726.31
RET00016,TXN026287,2024-03-08,Defective Product,10235.55
RET00017,TXN011104,2024-02-16,Quality Not as Expected,2508.61
RET00018,TXN025753,2024-07-07,Duplicate Order,32279.93
RET00019,TXN004147,2024-02-11,Size/Fit Issue,31569.96
RET00020,TXN039002,2024-07-26,Duplicate Order,73631.87
RET00021,TXN027132,2025-04-26,Duplicate Order,769.77
RET00022,TXN027120,2025-11-11,Defective Product,10993.36
RET00023,TXN044776,2025-07-18,Wrong Item Delivered,2704.03
RET00024,TXN031544,2024-03-11,Damaged in Transit,2091.09
RET00025,TXN030652,2024-12-12,Defective Product,9371.51
RET00026,TXN019917,2025-03-19,Damaged in Transit,15483.73
RET00027,TXN029600,2025-07-01,Quality Not as Expected,6237.48
RET00028,TXN022703,2025-05-17,Duplicate Order,10507.46
RET00029,TXN019463,2024-08-15,Changed Mind,12303.7
RET00030,TXN037035,2026-01-07,Duplicate Order,6387.37
RET00031,TXN011025,2025-10-11,Size/Fit Issue,4362.96
RET00032,TXN008062,2025-06-11,Damaged in Transit,13520.23
RET00033,TXN005644,2025-10-08,Changed Mind,1841.9
RET00034,TXN042373,2024-11-30,Changed Mind,56216.24
RET00035,TXN001532,2024-02-10,Damaged in Transit,292.31
RET00036,TXN025399,2025-04-06,Quality Not as Expected,6632.62
RET00037,TXN033388,2024-05-07,Defective Product,4768.89
RET00038,TXN002557,2024-08-10,Wrong Item Delivered,19638.11
RET00039,TXN017774,2025-07-26,Quality Not as Expected,6438.74
RET00040,TXN008855,2024-09-15,Changed Mind,1318.84
RET00041,TXN044106,2025-03-03,Size/Fit Issue,2017.98
RET00042,TXN013871,2024-10-12,Defective Product,4285.82
RET00043,TXN028165,2025-09-18,Changed Mind,10357.53
RET00044,TXN010676,2024-12-08,Duplicate Order,14737.35
RET00045,TXN021651,2025-03-08,Defective Product,8135.58
RET00046,TXN024341,2025-04-16,Damaged in Transit,983.24
RET00047,TXN039709,2025-07-27,Size/Fit Issue,35803.42
RET00048,TXN034130,2025-01-05,Quality Not as Expected,3198.04
RET00049,TXN008364,2024-04-08,Changed Mind,2297.73
RET00050,TXN028174,2024-07-02,Changed Mind,3418.39
RET00051,TXN015616,2025-03-19,Duplicate Order,9865.04
RET00052,TXN037237,2024-08-18,Changed Mind,93751.49
RET00053,TXN020628,2025-08-30,Duplicate Order,10025.69
RET00054,TXN008921,2024-05-12,Quality Not as Expected,90658.27
RET00055,TXN044207,2024-03-10,Quality Not as Expected,2402.94
RET00056,TXN029292,2024-06-11,Size/Fit Issue,12054.22
RET00057,TXN018979,2024-01-24,Changed Mind,4611.88
RET00058,TXN035570,2024-02-21,Defective Product,9175.31
RET00059,TXN027477,2026-01-04,Size/Fit Issue,17936.63
RET00060,TXN004565,2025-10-09,Wrong Item Delivered,3458.05
RET00061,TXN017995,2025-07-02,Damaged in Transit,1176.6
RET00062,TXN031729,2024-06-07,Wrong Item Delivered,13176.68
RET00063,TXN019650,2024-11-27,Quality Not as Expected,3292.68
RET00064,TXN043242,2025-03-13,Duplicate Order,23844.33
RET00065,TXN036185,2025-01-06,Changed Mind,77912.46
RET00066,TXN021468,2025-08-26,Duplicate Order,3163.38
RET00067,TXN007855,2025-10-27,Defective Product,824.99
RET00068,TXN014051,2024-07-28,Changed Mind,4322.61
RET00069,TXN038132,2025-06-02,Quality Not as Expected,6122.56
RET00070,TXN032111,2025-12-10,Duplicate Order,3284.91
RET00071,TXN033241,2024-03-19,Wrong Item Delivered,8751.94
RET00072,TXN034908,2024-04-13,Defective Product,14831.59
RET00073,TXN001479,2024-07-23,Size/Fit Issue,19899.01
RET00074,TXN023568,2025-10-04,Quality Not as Expected,34956.32
RET00075,TXN014751,2024-08-07,Changed Mind,17277.13
RET00076,TXN029536,2025-12-04,Size/Fit Issue,1782.82
RET00077,TXN033690,2024-03-13,Quality Not as Expected,9696.04
RET00078,TXN017488,2024-10-23,Size/Fit Issue,5832.27
RET00079,TXN003460,2025-10-26,Wrong Item Delivered,119272.98
RET00080,TXN017248,2024-07-18,Wrong Item Delivered,6813.11
RET00081,TXN022264,2024-06-04,Duplicate Order,15596.65
RET00082,TXN024459,2025-07-29,Damaged in Transit,16091.26
RET00083,TXN007314,2024-12-25,Damaged in Transit,20123.66
RET00084,TXN032416,2024-12-22,Duplicate Order,1709.54
RET00085,TXN035145,2024-10-27,Quality Not as Expected,3968.54
RET00086,TXN016382,2025-10-04,Wrong Item Delivered,3129.87
RET00087,TXN011376,2025-10-13,Damaged in Transit,33880.43
RET00088,TXN009123,2025-01-05,Size/Fit Issue,15570.47
RET00089,TXN015184,2025-06-22,Defective Product,10518.71
RET00090,TXN004084,2024-08-31,Defective Product,22775.95
RET00091,TXN037350,2024-06-27,Quality Not as Expected,18193.96
RET00092,TXN044638,2025-07-17,Size/Fit Issue,18196.77
RET00093,TXN032076,2024-03-12,Wrong Item Delivered,11128.89
RET00094,TXN011672,2024-10-25,Wrong Item Delivered,28597.31
RET00095,TXN013987,2024-02-14,Wrong Item Delivered,19871.78
RET00096,TXN028187,2024-05-24,Changed Mind,7230.83
RET00097,TXN024418,2025-03-30,Quality Not as Expected,22368.72
RET00098,TXN031604,2024-12-01,Wrong Item Delivered,3271.39
RET00099,TXN042034,2024-08-07,Duplicate Order,1591.04
RET00100,TXN027471,2024-11-13,Wrong Item Delivered,2609.43
RET00101,TXN002271,2026-01-05,Duplicate Order,15078.55
RET00102,TXN000790,2025-12-08,Damaged in Transit,1691.45
RET00103,TXN025069,2026-01-12,Size/Fit Issue,5836.04
RET00104,TXN025163,2025-12-21,Wrong Item Delivered,7448.87
RET00105,TXN013875,2024-07-28,Damaged in Transit,1021.75
RET00106,TXN004019,2024-04-04,Duplicate Order,5037.93
RET00107,TXN025408,2024-02-23,Size/Fit Issue,27636.88
RET00108,TXN023717,2025-03-30,Duplicate Order,15683.44
RET00109,TXN027532,2024-10-03,Size/Fit Issue,5512.68
RET00110,TXN038162,2025-12-29,Wrong Item Delivered,22830.96
RET00111,TXN015478,2024-09-21,Quality Not as Expected,17074.15
RET00112,TXN025972,2025-11-22,Duplicate Order,585.47
RET00113,TXN020803,2024-01-18,Defective Product,4046.2
RET00114,TXN011245,2025-01-30,Defective Product,1760.05
RET00115,TXN009291,2024-09-05,Changed Mind,5973.89
RET00116,TXN000071,2024-05-07,Duplicate Order,2138.86
RET00117,TXN039777,2025-10-18,Size/Fit Issue,34521.33
RET00118,TXN020607,2024-04-12,Changed Mind,4633.15
RET00119,TXN006965,2024-12-04,Size/Fit Issue,5015.2
RET00120,TXN014782,2025-02-12,Defective Product,2405.82
RET00121,TXN032842,2025-02-22,Defective Product,183.49
RET00122,TXN017808,2024-10-31,Wrong Item Delivered,1412.22
RET00123,TXN021363,2025-11-21,Wrong Item Delivered,16774.28
RET00124,TXN040274,2025-09-18,Duplicate Order,27693.76
RET00125,TXN010411,2025-02-28,Changed Mind,5850.38
RET00126,TXN029217,2024-02-21,Duplicate Order,6519.46
RET00127,TXN026967,2025-07-23,Duplicate Order,614.86
RET00128,TXN005330,2024-03-17,Quality Not as Expected,6800.78
RET00129,TXN037185,2025-10-07,Size/Fit Issue,11571.31
RET00130,TXN030398,2025-11-16,Duplicate Order,10550.77
RET00131,TXN021000,2024-11-06,Damaged in Transit,17807.39
RET00132,TXN044076,2025-02-22,Duplicate Order,1120.26
RET00133,TXN042310,2025-10-04,Duplicate Order,1110.13
RET00134,TXN030979,2024-03-12,Defective Product,48037.33
RET00135,TXN043982,2025-04-06,Quality Not as Expected,902.48
RET00136,TXN012408,2025-08-28,Duplicate Order,1531.36
RET00137,TXN026056,2025-02-16,Duplicate Order,23430.21
RET00138,TXN041238,2025-07-04,Wrong Item Delivered,3164.82
RET00139,TXN025363,2025-03-03,Quality Not as Expected,2518.06
RET00140,TXN017971,2024-02-22,Changed Mind,46064.13
RET00141,TXN001513,2025-08-14,Defective Product,18608.43
RET00142,TXN033287,2024-01-26,Defective Product,8479.41
RET00143,TXN033878,2024-03-09,Defective Product,2005.64
RET00144,TXN026317,2025-10-05,Duplicate Order,73997.04
RET00145,TXN013017,2024-11-10,Damaged in Transit,32149.72
RET00146,TXN005973,2024-08-09,Quality Not as Expected,22077.69
RET00147,TXN035761,2025-08-18,Changed Mind,7749.84
RET00148,TXN017045,2025-11-05,Changed Mind,20337.65
RET00149,TXN005063,2025-12-06,Quality Not as Expected,3827.98
RET00150,TXN004656,2025-04-20,Quality Not as Expected,13606.4
RET00151,TXN039486,2024-02-20,Wrong Item Delivered,12927.67
RET00152,TXN023104,2025-11-16,Defective Product,14956.58
RET00153,TXN014513,2025-07-04,Defective Product,5533.6
RET00154,TXN029952,2025-06-24,Quality Not as Expected,22451.67
RET00155,TXN015906,2025-06-15,Duplicate Order,26327.39
RET00156,TXN031616,2024-09-02,Size/Fit Issue,33606.2
RET00157,TXN004103,2024-06-07,Quality Not as Expected,198140.82
RET00158,TXN002637,2024-03-11,Duplicate Order,231615.2
RET00159,TXN016454,2024-11-01,Defective Product,7098.57
RET00160,TXN024915,2025-01-15,Quality Not as Expected,20800.31
RET00161,TXN007121,2024-06-26,Quality Not as Expected,13514.24
RET00162,TXN006564,2024-09-22,Defective Product,134867.18
RET00163,TXN002338,2025-03-18,Size/Fit Issue,20700.5
RET00164,TXN034595,2025-05-18,Damaged in Transit,3047.91
RET00165,TXN021474,2025-04-27,Size/Fit Issue,3913.45
RET00166,TXN032732,2025-07-07,Quality Not as Expected,3319.74
RET00167,TXN008248,2025-01-26,Duplicate Order,16502.15
RET00168,TXN037613,2025-05-03,Damaged in Transit,4936.91
RET00169,TXN008785,2025-03-19,Wrong Item Delivered,2617.28
RET00170,TXN011381,2025-04-29,Damaged in Transit,12030.56
RET00171,TXN014275,2025-08-07,Defective Product,8268.91
RET00172,TXN044281,2025-07-11,Size/Fit Issue,15044.68
RET00173,TXN005283,2024-03-14,Damaged in Transit,969.22
RET00174,TXN006980,2025-01-17,Wrong Item Delivered,24195.95
RET00175,TXN002754,2024-10-08,Quality Not as Expected,48183.36
RET00176,TXN012342,2025-07-09,Defective Product,25473.03
RET00177,TXN014706,2024-02-23,Size/Fit Issue,1484.09
RET00178,TXN011236,2025-07-10,Damaged in Transit,8759.32
RET00179,TXN004994,2024-02-29,Wrong Item Delivered,10995.64
RET00180,TXN029369,2025-07-12,Duplicate Order,1459.78
RET00181,TXN030573,2024-07-14,Duplicate Order,11356.31
RET00182,TXN028089,2025-03-11,Defective Product,997.68
RET00183,TXN030956,2024-04-30,Changed Mind,11444.98
RET00184,TXN031444,2025-01-24,Duplicate Order,713.68
RET00185,TXN017145,2024-08-15,Quality Not as Expected,26212.74
RET00186,TXN001100,2024-08-31,Wrong Item Delivered,8146.35
RET00187,TXN022425,2025-11-19,Duplicate Order,70232.38
RET00188,TXN033345,2024-12-04,Duplicate Order,9766.12
RET00189,TXN040729,2024-09-09,Damaged in Transit,5399.68
RET00190,TXN035315,2025-06-10,Damaged in Transit,16927.26
RET00191,TXN010354,2024-07-16,Changed Mind,621.85
RET00192,TXN019828,2024-08-29,Defective Product,23214.68
RET00193,TXN000671,2025-01-25,Changed Mind,34493.4
RET00194,TXN030495,2025-05-18,Size/Fit Issue,19405.48
RET00195,TXN040704,2025-05-31,Damaged in Transit,8224.45
RET00196,TXN022208,2024-08-30,Duplicate Order,36603.58
RET00197,TXN011027,2024-03-31,Defective Product,19238.3
RET00198,TXN036872,2024-10-17,Wrong Item Delivered,21995.48
RET00199,TXN015253,2024-11-12,Duplicate Order,25340.46
RET00200,TXN006537,2025-07-12,Size/Fit Issue,46011.85
RET00201,TXN026632,2025-01-04,Duplicate Order,35559.93
RET00202,TXN003510,2024-12-23,Size/Fit Issue,13430.73
RET00203,TXN036039,2025-03-27,Defective Product,12819.04
RET00204,TXN033394,2025-09-05,Size/Fit Issue,1585.91
RET00205,TXN032748,2024-06-09,Damaged in Transit,50542.26
RET00206,TXN005721,2025-01-28,Duplicate Order,4363.14
RET00207,TXN025043,2024-08-24,Size/Fit Issue,43510.41
RET00208,TXN008387,2025-01-26,Damaged in Transit,5122.22
RET00209,TXN042882,2025-11-20,Wrong Item Delivered,104341.82
RET00210,TXN018602,2025-06-13,Duplicate Order,4686.84
RET00211,TXN001270,2025-11-16,Size/Fit Issue,8269.32
RET00212,TXN019860,2025-02-22,Changed Mind,4468.44
RET00213,TXN018209,2024-02-01,Size/Fit Issue,13540.63
RET00214,TXN011864,2024-05-21,Size/Fit Issue,4445.96
RET00215,TXN002292,2025-06-29,Duplicate Order,8354.9
RET00216,TXN015288,2024-09-24,Duplicate Order,934.64
RET00217,TXN008071,2025-02-06,Quality Not as Expected,12479.25
RET00218,TXN034310,2024-11-04,Changed Mind,8594.72
RET00219,TXN010906,2024-07-16,Defective Product,3714.33
RET00220,TXN003622,2024-12-02,Duplicate Order,27034.76
RET00221,TXN008699,2024-03-21,Size/Fit Issue,10653.55
RET00222,TXN028620,2025-10-29,Quality Not as Expected,28129.21
RET00223,TXN025193,2024-05-05,Wrong Item Delivered,17491.9
RET00224,TXN007221,2025-06-26,Wrong Item Delivered,2012.81
RET00225,TXN019385,2025-02-16,Defective Product,38894.46
RET00226,TXN013223,2024-09-23,Defective Product,15724.03
RET00227,TXN023119,2025-07-31,Wrong Item Delivered,474.23
RET00228,TXN008471,2025-12-15,Quality Not as Expected,13824.11
RET00229,TXN040643,2025-03-15,Quality Not as Expected,48050.55
RET00230,TXN037171,2025-10-30,Damaged in Transit,18942.98
RET00231,TXN041830,2024-04-01,Damaged in Transit,9013.11
RET00232,TXN024690,2024-08-11,Size/Fit Issue,642.63
RET00233,TXN040721,2025-06-02,Quality Not as Expected,7787.91
RET00234,TXN005495,2024-03-06,Quality Not as Expected,3111.79
RET00235,TXN018007,2025-01-25,Defective Product,6103.08
RET00236,TXN009336,2025-10-03,Quality Not as Expected,13799.53
RET00237,TXN004041,2024-01-30,Duplicate Order,1923.96
RET00238,TXN002727,2024-04-18,Damaged in Transit,20951.05
RET00239,TXN038946,2024-05-19,Damaged in Transit,23237.64
RET00240,TXN002241,2024-04-28,Size/Fit Issue,28369.25
RET00241,TXN013060,2024-06-02,Duplicate Order,62215.38
RET00242,TXN043162,2025-07-21,Defective Product,10634.68
RET00243,TXN005994,2024-09-13,Wrong Item Delivered,31768.54
RET00244,TXN004321,2024-09-14,Duplicate Order,4401.11
RET00245,TXN033825,2024-12-30,Wrong Item Delivered,579.32
RET00246,TXN003741,2024-12-22,Defective Product,4793.68
RET00247,TXN032475,2024-08-02,Damaged in Transit,613.69
RET00248,TXN036246,2025-12-20,Duplicate Order,2911.45
RET00249,TXN043235,2024-01-19,Size/Fit Issue,3864.65
RET00250,TXN040584,2025-07-23,Changed Mind,1779.16
RET00251,TXN018936,2024-09-22,Wrong Item Delivered,19719.69
RET00252,TXN044922,2025-12-23,Size/Fit Issue,9254.41
RET00253,TXN019729,2024-01-28,Defective Product,13264.93
RET00254,TXN043181,2024-08-11,Quality Not as Expected,44187.9
RET00255,TXN023203,2024-02-11,Defective Product,14375.16
RET00256,TXN015046,2024-09-27,Defective Product,45214.19
RET00257,TXN044463,2024-01-29,Changed Mind,934.49
RET00258,TXN008127,2024-11-29,Damaged in Transit,7968.7
RET00259,TXN036448,2025-11-01,Damaged in Transit,90298.82
RET00260,TXN025375,2024-04-23,Defective Product,2574.58
RET00261,TXN017901,2024-10-16,Duplicate Order,32893.77
RET00262,TXN024832,2026-01-03,Quality Not as Expected,5148.72
RET00263,TXN007740,2025-10-03,Duplicate Order,9726.84
RET00264,TXN007787,2025-04-08,Quality Not as Expected,10641.95
RET00265,TXN025847,2024-03-27,Size/Fit Issue,11726.57
RET00266,TXN014650,2024-09-18,Defective Product,4972.97
RET00267,TXN007465,2025-09-09,Size/Fit Issue,35533.68
RET00268,TXN036884,2024-11-29,Changed Mind,205.75
RET00269,TXN009844,2024-09-24,Damaged in Transit,26529.19
RET00270,TXN025546,2024-01-26,Defective Product,10007.08
RET00271,TXN034709,2024-12-06,Size/Fit Issue,10851.37
RET00272,TXN010705,2025-10-22,Quality Not as Expected,4347.51
RET00273,TXN034710,2026-01-15,Size/Fit Issue,5464.34
RET00274,TXN013592,2024-02-17,Duplicate Order,1149.49
RET00275,TXN022973,2025-07-27,Damaged in Transit,8120.83
RET00276,TXN009209,2024-03-24,Duplicate Order,3461.53
RET00277,TXN021720,2024-08-15,Size/Fit Issue,14822.37
RET00278,TXN007489,2024-11-21,Defective Product,13176.44
RET00279,TXN028770,2025-03-15,Size/Fit Issue,7610.96
RET00280,TXN011955,2025-05-24,Wrong Item Delivered,11796.61
RET00281,TXN021911,2024-11-12,Wrong Item Delivered,3050.05
RET00282,TXN038719,2024-10-16,Damaged in Transit,7910.8
RET00283,TXN009364,2026-01-06,Changed Mind,2196.55
RET00284,TXN004258,2024-05-21,Defective Product,9621.11
RET00285,TXN034982,2024-04-03,Size/Fit Issue,17932.77
RET00286,TXN026314,2024-08-20,Damaged in Transit,2998.19
RET00287,TXN026002,2024-04-20,Quality Not as Expected,2929.55
RET00288,TXN011482,2025-09-10,Defective Product,7439.03
RET00289,TXN009365,2024-07-09,Size/Fit Issue,10220.55
RET00290,TXN023896,2025-08-24,Duplicate Order,3336.63
RET00291,TXN037630,2025-08-08,Wrong Item Delivered,62996.41
RET00292,TXN038359,2024-05-11,Wrong Item Delivered,13834.9
RET00293,TXN030051,2024-09-14,Defective Product,19087.82
RET00294,TXN038779,2025-10-22,Quality Not as Expected,5523.11
RET00295,TXN023889,2024-03-23,Quality Not as Expected,4314.26
RET00296,TXN033555,2024-06-02,Defective Product,1348.36
RET00297,TXN037403,2025-02-28,Quality Not as Expected,3693.23
RET00298,TXN027356,2025-05-06,Changed Mind,4551.57
RET00299,TXN003206,2024-12-31,Damaged in Transit,281.92
RET00300,TXN001241,2025-03-20,Defective Product,301.6
RET00301,TXN036083,2025-03-21,Defective Product,47085.15
RET00302,TXN035401,2024-09-19,Wrong Item Delivered,33166.37
RET00303,TXN043865,2024-12-08,Size/Fit Issue,3357.68
RET00304,TXN037178,2025-04-28,Size/Fit Issue,53207.31
RET00305,TXN012699,2024-09-14,Size/Fit Issue,10788.72
RET00306,TXN033323,2024-08-10,Damaged in Transit,9037.69
RET00307,TXN019015,2025-08-31,Changed Mind,56496.68
RET00308,TXN027031,2025-08-23,Quality Not as Expected,93552.44
RET00309,TXN002027,2024-09-04,Changed Mind,24424.53
RET00310,TXN032993,2025-12-25,Duplicate Order,7924.03
RET00311,TXN006064,2025-09-30,Quality Not as Expected,6830.46
RET00312,TXN035902,2024-06-26,Damaged in Transit,9998.1
RET00313,TXN031496,2024-08-10,Changed Mind,16415.46
RET00314,TXN014146,2024-06-26,Damaged in Transit,4258.09
RET00315,TXN029686,2024-03-24,Size/Fit Issue,662.38
RET00316,TXN012779,2024-11-09,Size/Fit Issue,2595.57
RET00317,TXN022094,2025-06-27,Changed Mind,7342.6
RET00318,TXN040180,2025-05-31,Changed Mind,1518.76
RET00319,TXN028084,2024-09-20,Size/Fit Issue,9580.37
RET00320,TXN028220,2025-08-08,Changed Mind,21388.03
RET00321,TXN043296,2025-12-05,Duplicate Order,23800.48
RET00322,TXN032480,2025-11-06,Damaged in Transit,19454.63
RET00323,TXN033291,2025-02-06,Defective Product,7905.59
RET00324,TXN036917,2025-01-16,Size/Fit Issue,10902.52
RET00325,TXN027613,2025-06-11,Quality Not as Expected,23240.16
RET00326,TXN013169,2025-02-20,Duplicate Order,13068.75
RET00327,TXN009125,2025-10-23,Size/Fit Issue,7476.38
RET00328,TXN021694,2025-01-16,Duplicate Order,73878.64
RET00329,TXN023197,2024-11-05,Duplicate Order,8806.09
RET00330,TXN007367,2024-01-15,Quality Not as Expected,940.33
RET00331,TXN021178,2024-11-19,Wrong Item Delivered,10931.94
RET00332,TXN042211,2024-10-13,Damaged in Transit,7382.91
RET00333,TXN037226,2024-09-30,Changed Mind,737.7
RET00334,TXN038310,2025-08-17,Changed Mind,12424.67
RET00335,TXN024390,2025-11-26,Wrong Item Delivered,14409.33
RET00336,TXN013991,2025-10-02,Size/Fit Issue,477.53
RET00337,TXN008274,2025-04-18,Damaged in Transit,31420.8
RET00338,TXN018817,2024-05-16,Size/Fit Issue,6445.0
RET00339,TXN026880,2025-12-30,Wrong Item Delivered,3351.75
RET00340,TXN008093,2024-04-26,Quality Not as Expected,17475.2
RET00341,TXN012295,2024-05-09,Size/Fit Issue,8672.92
RET00342,TXN035974,2025-09-25,Wrong Item Delivered,23358.38
RET00343,TXN024154,2025-04-18,Damaged in Transit,318.8
RET00344,TXN023955,2024-04-14,Defective Product,5133.91
RET00345,TXN032211,2025-02-09,Size/Fit Issue,1289.2
RET00346,TXN015109,2026-01-13,Duplicate Order,5434.91
RET00347,TXN034075,2025-02-13,Wrong Item Delivered,8175.56
RET00348,TXN028510,2025-06-19,Defective Product,34309.41
RET00349,TXN043234,2024-05-07,Duplicate Order,7885.39
RET00350,TXN026559,2024-01-23,Wrong Item Delivered,2670.35
RET00351,TXN003055,2024-11-01,Wrong Item Delivered,7902.39
RET00352,TXN029260,2024-12-11,Duplicate Order,5705.48
RET00353,TXN043387,2025-08-12,Wrong Item Delivered,5889.5
RET00354,TXN012507,2025-01-20,Defective Product,17122.56
RET00355,TXN010308,2024-08-21,Wrong Item Delivered,1142.69
RET00356,TXN017532,2024-12-22,Duplicate Order,7604.73
RET00357,TXN034299,2024-09-20,Quality Not as Expected,550.7
RET00358,TXN034421,2024-05-16,Defective Product,2997.86
RET00359,TXN025004,2025-10-24,Damaged in Transit,19098.67
RET00360,TXN023778,2025-09-24,Damaged in Transit,1238.06
RET00361,TXN017682,2024-08-20,Damaged in Transit,7205.32
RET00362,TXN017969,2025-05-27,Defective Product,8931.16
RET00363,TXN009616,2024-08-11,Defective Product,303.81
RET00364,TXN028571,2024-09-12,Duplicate Order,8005.99
RET00365,TXN033352,2025-10-07,Damaged in Transit,5258.38
RET00366,TXN000955,2024-04-14,Duplicate Order,2022.35
RET00367,TXN013763,2024-03-31,Duplicate Order,2163.76
RET00368,TXN007089,2024-01-26,Wrong Item Delivered,2955.23
RET00369,TXN028343,2024-04-19,Changed Mind,11689.93
RET00370,TXN004792,2025-07-18,Duplicate Order,4631.09
RET00371,TXN021284,2024-04-05,Duplicate Order,9134.4
RET00372,TXN038787,2024-03-26,Size/Fit Issue,21363.23
RET00373,TXN044485,2025-12-13,Damaged in Transit,17762.5
RET00374,TXN009214,2024-09-14,Quality Not as Expected,466.83
RET00375,TXN010399,2024-03-20,Defective Product,26831.75
RET00376,TXN022265,2024-12-15,Changed Mind,333.51
RET00377,TXN025822,2024-06-26,Wrong Item Delivered,31104.46
RET00378,TXN042933,2025-11-08,Quality Not as Expected,6324.42
RET00379,TXN029896,2025-05-24,Duplicate Order,6155.48
RET00380,TXN028266,2024-03-07,Damaged in Transit,3974.88
RET00381,TXN029056,2024-04-16,Wrong Item Delivered,37254.69
RET00382,TXN029360,2024-11-09,Changed Mind,3188.1
RET00383,TXN040933,2024-09-01,Defective Product,5642.23
RET00384,TXN019939,2024-12-01,Duplicate Order,22461.76
RET00385,TXN040042,2025-03-26,Duplicate Order,13110.03
RET00386,TXN022322,2025-03-16,Quality Not as Expected,1301.5
RET00387,TXN006914,2024-07-15,Changed Mind,8169.01
RET00388,TXN017811,2025-04-20,Damaged in Transit,3455.33
RET00389,TXN017967,2025-02-09,Duplicate Order,8175.54
RET00390,TXN038206,2024-05-31,Damaged in Transit,2321.71
RET00391,TXN016854,2025-11-16,Duplicate Order,12949.06
RET00392,TXN039939,2024-08-26,Quality Not as Expected,4927.26
RET00393,TXN030310,2024-05-27,Quality Not as Expected,8370.34
RET00394,TXN034530,2024-11-05,Duplicate Order,25231.32
RET00395,TXN040874,2025-04-25,Quality Not as Expected,13257.35
RET00396,TXN025650,2025-02-15,Wrong Item Delivered,3966.4
RET00397,TXN038093,2025-10-23,Duplicate Order,1616.75
RET00398,TXN026919,2024-10-04,Changed Mind,31956.28
RET00399,TXN018675,2024-02-11,Wrong Item Delivered,2514.44
RET00400,TXN018610,2025-05-02,Defective Product,7798.47
RET00401,TXN007123,2025-01-18,Size/Fit Issue,76002.29
RET00402,TXN029241,2024-07-23,Defective Product,16644.49
RET00403,TXN041119,2025-01-01,Defective Product,7479.2
RET00404,TXN041095,2025-02-18,Quality Not as Expected,3287.41
RET00405,TXN039394,2024-05-11,Damaged in Transit,9070.32
RET00406,TXN009637,2024-03-05,Quality Not as Expected,1256.81
RET00407,TXN003888,2025-05-30,Quality Not as Expected,6954.08
RET00408,TXN037673,2025-10-13,Quality Not as Expected,3750.51
RET00409,TXN024420,2025-07-15,Damaged in Transit,147174.3
RET00410,TXN029810,2026-01-02,Quality Not as Expected,4005.15
RET00411,TXN024194,2024-12-03,Duplicate Order,1215.08
RET00412,TXN030091,2025-06-16,Duplicate Order,16824.67
RET00413,TXN029319,2025-12-18,Damaged in Transit,26324.7
RET00414,TXN010237,2025-12-25,Quality Not as Expected,7608.13
RET00415,TXN025923,2024-12-01,Quality Not as Expected,22829.45
RET00416,TXN010240,2025-08-24,Changed Mind,235.22
RET00417,TXN012949,2025-06-23,Quality Not as Expected,5426.61
RET00418,TXN028434,2024-10-20,Wrong Item Delivered,11535.22
RET00419,TXN003596,2025-02-27,Duplicate Order,10278.27
RET00420,TXN027262,2024-12-23,Size/Fit Issue,944.49
RET00421,TXN037497,2024-03-07,Size/Fit Issue,33396.99
RET00422,TXN017734,2025-02-13,Quality Not as Expected,6188.19
RET00423,TXN024513,2025-10-17,Changed Mind,1068.32
RET00424,TXN040779,2025-09-23,Duplicate Order,3903.85
RET00425,TXN005807,2024-06-30,Defective Product,10116.95
RET00426,TXN034507,2025-05-13,Damaged in Transit,2311.39
RET00427,TXN009124,2024-05-07,Changed Mind,2232.54
RET00428,TXN005879,2025-04-30,Size/Fit Issue,9690.43
RET00429,TXN010324,2025-12-03,Defective Product,8810.34
RET00430,TXN022343,2025-01-27,Duplicate Order,533.06
RET00431,TXN043241,2024-07-11,Quality Not as Expected,4290.69
RET00432,TXN026046,2025-10-21,Size/Fit Issue,5328.38
RET00433,TXN044408,2025-04-28,Wrong Item Delivered,11350.42
RET00434,TXN023772,2025-07-11,Damaged in Transit,10844.05
RET00435,TXN008174,2025-06-29,Damaged in Transit,1479.09
RET00436,TXN010784,2025-05-05,Defective Product,16478.54
RET00437,TXN041538,2025-10-23,Wrong Item Delivered,23824.98
RET00438,TXN030443,2025-02-22,Defective Product,13953.94
RET00439,TXN019843,2024-06-09,Quality Not as Expected,605.57
RET00440,TXN042433,2024-04-24,Duplicate Order,10384.35
RET00441,TXN020349,2025-02-07,Defective Product,1446.78
RET00442,TXN000298,2025-04-15,Size/Fit Issue,11177.58
RET00443,TXN002603,2025-06-07,Changed Mind,15074.26
RET00444,TXN022458,2025-09-15,Size/Fit Issue,5941.51
RET00445,TXN029312,2025-10-10,Defective Product,6712.83
RET00446,TXN025447,2024-09-05,Quality Not as Expected,3059.99
RET00447,TXN025590,2025-12-03,Wrong Item Delivered,21751.39
RET00448,TXN000571,2024-01-31,Defective Product,8044.13
RET00449,TXN030440,2024-12-11,Changed Mind,1802.39
RET00450,TXN029181,2025-09-07,Changed Mind,4664.83
RET00451,TXN027526,2025-08-27,Defective Product,10268.91
RET00452,TXN028817,2025-11-19,Damaged in Transit,34106.93
RET00453,TXN013107,2025-01-17,Duplicate Order,509.83
RET00454,TXN014656,2024-02-10,Duplicate Order,80976.15
RET00455,TXN002736,2025-06-14,Wrong Item Delivered,29821.14
RET00456,TXN015158,2025-07-13,Defective Product,13425.68
RET00457,TXN021914,2025-12-19,Quality Not as Expected,9748.04
RET00458,TXN038558,2025-07-30,Duplicate Order,3443.28
RET00459,TXN004461,2024-02-06,Duplicate Order,662.7
RET00460,TXN008415,2024-03-18,Quality Not as Expected,750.2
RET00461,TXN028745,2025-11-20,Damaged in Transit,1442.07
RET00462,TXN031856,2024-11-08,Defective Product,20624.63
RET00463,TXN007259,2025-06-27,Quality Not as Expected,19513.44
RET00464,TXN040969,2025-09-19,Damaged in Transit,892.11
RET00465,TXN015749,2025-01-05,Duplicate Order,1232.09
RET00466,TXN002351,2025-02-04,Quality Not as Expected,950.42
RET00467,TXN044190,2024-10-13,Duplicate Order,6994.28
RET00468,TXN040476,2024-05-28,Size/Fit Issue,809.11
RET00469,TXN033579,2024-07-20,Size/Fit Issue,3261.41
RET00470,TXN016268,2025-09-28,Defective Product,9151.02
RET00471,TXN037389,2025-06-28,Defective Product,2132.43
RET00472,TXN020652,2025-06-02,Defective Product,810.79
RET00473,TXN019437,2024-04-07,Changed Mind,10726.14
RET00474,TXN001669,2024-11-22,Damaged in Transit,10981.35
RET00475,TXN028997,2024-06-11,Size/Fit Issue,87871.81
RET00476,TXN024614,2025-07-11,Defective Product,10607.75
RET00477,TXN016179,2024-02-18,Size/Fit Issue,5378.72
RET00478,TXN027750,2024-08-12,Duplicate Order,235.62
RET00479,TXN010833,2024-03-13,Duplicate Order,5591.42
RET00480,TXN012940,2025-05-10,Wrong Item Delivered,8241.57
RET00481,TXN021940,2024-09-18,Size/Fit Issue,28705.08
RET00482,TXN004141,2024-09-06,Changed Mind,7596.03
RET00483,TXN037471,2026-01-09,Duplicate Order,31002.85
RET00484,TXN016819,2025-06-17,Size/Fit Issue,52137.95
RET00485,TXN042098,2025-01-07,Size/Fit Issue,3165.53
RET00486,TXN009145,2024-11-10,Damaged in Transit,5424.02
RET00487,TXN032363,2024-12-31,Changed Mind,5198.8
RET00488,TXN033937,2025-04-04,Quality Not as Expected,5399.21
RET00489,TXN003284,2024-03-24,Damaged in Transit,8013.81
RET00490,TXN013746,2025-03-10,Defective Product,1940.81
RET00491,TXN014812,2025-03-15,Damaged in Transit,931.88
RET00492,TXN043206,2024-02-16,Wrong Item Delivered,9238.29
RET00493,TXN025663,2024-04-20,Size/Fit Issue,525.63
RET00494,TXN023284,2025-10-08,Quality Not as Expected,11453.79
RET00495,TXN012233,2024-07-23,Damaged in Transit,7334.33
RET00496,TXN026347,2024-02-07,Quality Not as Expected,7126.78
RET00497,TXN005351,2024-08-15,Defective Product,3123.51
RET00498,TXN019963,2024-02-23,Wrong Item Delivered,2760.11
RET00499,TXN004400,2025-06-22,Size/Fit Issue,1559.95
RET00500,TXN004061,2024-05-01,Changed Mind,4239.26
RET00501,TXN030174,2024-10-05,Quality Not as Expected,877.37
RET00502,TXN044054,2025-03-09,Quality Not as Expected,48860.13
RET00503,TXN029754,2024-02-12,Defective Product,15738.0
RET00504,TXN014852,2025-03-17,Size/Fit Issue,6312.71
RET00505,TXN018974,2025-08-02,Defective Product,4201.01
RET00506,TXN006167,2024-02-16,Damaged in Transit,35352.77
RET00507,TXN002894,2024-06-26,Quality Not as Expected,4817.56
RET00508,TXN013911,2025-06-21,Quality Not as Expected,46553.81
RET00509,TXN022041,2024-11-18,Wrong Item Delivered,4217.25
RET00510,TXN039072,2025-09-23,Size/Fit Issue,4391.52
RET00511,TXN043348,2024-09-04,Changed Mind,30385.29
RET00512,TXN015047,2025-01-17,Duplicate Order,17911.95
RET00513,TXN028487,2024-04-17,Wrong Item Delivered,818.43
RET00514,TXN008371,2024-11-05,Defective Product,39909.0
RET00515,TXN021567,2024-08-20,Quality Not as Expected,2096.04
RET00516,TXN006324,2024-11-24,Defective Product,14622.98
RET00517,TXN004850,2025-09-13,Duplicate Order,5820.62
RET00518,TXN037985,2024-05-27,Quality Not as Expected,82620.72
RET00519,TXN000481,2025-05-15,Duplicate Order,56149.65
RET00520,TXN043990,2025-06-25,Quality Not as Expected,23863.46
RET00521,TXN010249,2024-12-08,Size/Fit Issue,22723.79
RET00522,TXN005556,2024-02-05,Wrong Item Delivered,27288.49
RET00523,TXN021356,2024-12-27,Defective Product,5441.15
RET00524,TXN041084,2025-08-01,Wrong Item Delivered,2234.05
RET00525,TXN029655,2024-04-14,Defective Product,19002.22
RET00526,TXN040284,2025-02-02,Quality Not as Expected,682.82
RET00527,TXN030110,2024-05-15,Size/Fit Issue,2733.91
RET00528,TXN040620,2025-11-16,Wrong Item Delivered,9843.43
RET00529,TXN035544,2025-10-26,Size/Fit Issue,29930.22
RET00530,TXN009022,2025-04-02,Size/Fit Issue,11513.03
RET00531,TXN000749,2024-09-01,Size/Fit Issue,28978.6
RET00532,TXN022908,2025-03-29,Damaged in Transit,1503.59
RET00533,TXN040910,2024-04-02,Size/Fit Issue,10652.88
RET00534,TXN027595,2025-01-23,Size/Fit Issue,9143.66
RET00535,TXN001985,2024-06-13,Damaged in Transit,4469.11
RET00536,TXN009941,2024-06-15,Wrong Item Delivered,5591.29
RET00537,TXN018636,2025-03-11,Duplicate Order,7418.35
RET00538,TXN018428,2025-11-05,Defective Product,7365.98
RET00539,TXN040158,2025-01-12,Duplicate Order,3749.46
RET00540,TXN022929,2024-02-08,Size/Fit Issue,2427.62
RET00541,TXN027411,2025-10-17,Changed Mind,10738.89
RET00542,TXN012500,2024-02-01,Size/Fit Issue,1900.44
RET00543,TXN024285,2024-02-23,Size/Fit Issue,11476.54
RET00544,TXN004328,2025-08-09,Quality Not as Expected,20957.6
RET00545,TXN044456,2024-09-11,Quality Not as Expected,5320.95
RET00546,TXN007805,2025-01-24,Defective Product,488.14
RET00547,TXN035421,2024-10-19,Quality Not as Expected,16961.4
RET00548,TXN020780,2025-03-21,Changed Mind,13885.49
RET00549,TXN033644,2024-09-16,Damaged in Transit,647.12
RET00550,TXN035594,2025-01-15,Damaged in Transit,26273.2
RET00551,TXN001382,2024-02-01,Wrong Item Delivered,5912.39
RET00552,TXN027248,2025-11-03,Duplicate Order,8645.18
RET00553,TXN037684,2025-12-29,Changed Mind,4458.28
RET00554,TXN033469,2024-09-22,Defective Product,9239.14
RET00555,TXN032027,2025-04-17,Damaged in Transit,4721.87
RET00556,TXN031540,2024-02-10,Damaged in Transit,26502.46
RET00557,TXN037750,2025-07-25,Defective Product,426.83
RET00558,TXN036740,2025-11-10,Duplicate Order,4097.57
RET00559,TXN006232,2025-08-19,Size/Fit Issue,7012.8
RET00560,TXN011715,2024-09-05,Changed Mind,28057.36
RET00561,TXN000733,2025-07-22,Duplicate Order,7225.68
RET00562,TXN027696,2025-06-02,Wrong Item Delivered,12543.57
RET00563,TXN024058,2024-12-12,Duplicate Order,6462.65
RET00564,TXN015644,2024-06-08,Quality Not as Expected,7729.27
RET00565,TXN042837,2024-06-17,Defective Product,2795.7
RET00566,TXN004774,2025-12-19,Damaged in Transit,15784.74
RET00567,TXN035111,2024-09-07,Wrong Item Delivered,360.54
RET00568,TXN008044,2024-12-07,Wrong Item Delivered,5664.44
RET00569,TXN011154,2025-11-26,Duplicate Order,1572.04
RET00570,TXN038440,2025-09-26,Duplicate Order,29358.4
RET00571,TXN013157,2024-02-29,Quality Not as Expected,53906.98
RET00572,TXN019053,2024-03-27,Quality Not as Expected,23388.09
RET00573,TXN007552,2025-12-24,Duplicate Order,2480.26
RET00574,TXN023163,2024-12-21,Changed Mind,6759.42
RET00575,TXN034628,2025-08-29,Damaged in Transit,8706.94
RET00576,TXN039740,2024-08-05,Size/Fit Issue,9180.19
RET00577,TXN034195,2024-06-19,Wrong Item Delivered,8997.92
RET00578,TXN043120,2025-12-19,Quality Not as Expected,5750.85
RET00579,TXN009158,2025-04-12,Changed Mind,5614.78
RET00580,TXN027311,2024-06-30,Wrong Item Delivered,6140.66
RET00581,TXN006898,2024-02-08,Defective Product,2007.55
RET00582,TXN027032,2025-12-12,Quality Not as Expected,48128.51
RET00583,TXN036563,2024-04-19,Quality Not as Expected,7326.79
RET00584,TXN030568,2025-02-07,Defective Product,64522.11
RET00585,TXN020788,2025-01-01,Quality Not as Expected,8576.86
RET00586,TXN014589,2024-03-24,Duplicate Order,21280.27
RET00587,TXN017837,2024-11-13,Defective Product,5402.34
RET00588,TXN002723,2025-10-02,Wrong Item Delivered,3673.9
RET00589,TXN000802,2025-04-12,Size/Fit Issue,2263.92
RET00590,TXN024013,2024-11-28,Size/Fit Issue,7365.78
RET00591,TXN003303,2024-09-09,Wrong Item Delivered,9514.28
RET00592,TXN013464,2024-03-05,Duplicate Order,4043.74
RET00593,TXN022341,2024-08-21,Damaged in Transit,163.09
RET00594,TXN043306,2024-01-11,Defective Product,147818.04
RET00595,TXN002372,2025-05-08,Duplicate Order,7053.27
RET00596,TXN007788,2024-06-08,Size/Fit Issue,4411.8
RET00597,TXN024532,2024-08-24,Size/Fit Issue,6300.86
RET00598,TXN000611,2024-11-08,Wrong Item Delivered,25380.65
RET00599,TXN004143,2025-04-01,Quality Not as Expected,3947.96
RET00600,TXN027516,2024-04-26,Changed Mind,11318.39
RET00601,TXN026898,2024-05-04,Changed Mind,11826.68
RET00602,TXN044682,2024-07-16,Changed Mind,82332.57
RET00603,TXN032285,2025-06-11,Wrong Item Delivered,7005.99
RET00604,TXN037355,2024-07-01,Wrong Item Delivered,24341.23
RET00605,TXN042690,2025-04-02,Wrong Item Delivered,50205.91
RET00606,TXN027444,2024-01-28,Damaged in Transit,2126.29
RET00607,TXN036346,2025-02-06,Quality Not as Expected,26910.62
RET00608,TXN018897,2024-06-21,Size/Fit Issue,7845.51
RET00609,TXN021844,2025-12-22,Duplicate Order,5167.99
RET00610,TXN008673,2024-08-20,Duplicate Order,891.75
RET00611,TXN017043,2024-04-23,Quality Not as Expected,17366.97
RET00612,TXN037590,2025-03-17,Quality Not as Expected,2111.67
RET00613,TXN019150,2024-09-21,Changed Mind,7086.91
RET00614,TXN005895,2024-08-21,Changed Mind,433.95
RET00615,TXN028120,2026-01-05,Defective Product,1128.94
RET00616,TXN031110,2024-02-03,Changed Mind,12782.56
RET00617,TXN003128,2024-08-19,Quality Not as Expected,1359.32
RET00618,TXN007946,2025-12-30,Quality Not as Expected,1924.35
RET00619,TXN019023,2025-06-15,Changed Mind,19535.71
RET00620,TXN014441,2024-02-17,Duplicate Order,19765.01
RET00621,TXN008413,2025-07-13,Wrong Item Delivered,62848.98
RET00622,TXN016257,2024-09-11,Damaged in Transit,9171.41
RET00623,TXN009821,2025-10-04,Duplicate Order,13521.39
RET00624,TXN005875,2025-09-14,Quality Not as Expected,309.87
RET00625,TXN037007,2024-07-12,Defective Product,59696.1
RET00626,TXN043325,2024-04-27,Defective Product,448.36
RET00627,TXN037159,2025-12-16,Defective Product,7822.37
RET00628,TXN043141,2024-11-12,Damaged in Transit,10438.85
RET00629,TXN019625,2025-03-21,Quality Not as Expected,3090.21
RET00630,TXN029265,2025-07-26,Size/Fit Issue,12415.69
RET00631,TXN010128,2025-12-12,Damaged in Transit,10888.05
RET00632,TXN041376,2025-04-27,Damaged in Transit,3858.15
RET00633,TXN006617,2025-01-26,Wrong Item Delivered,2644.39
RET00634,TXN035289,2025-08-25,Wrong Item Delivered,4297.71
RET00635,TXN021376,2024-04-23,Changed Mind,12829.25
RET00636,TXN031959,2024-07-28,Damaged in Transit,2536.13
RET00637,TXN041506,2024-02-01,Quality Not as Expected,3854.4
RET00638,TXN025489,2024-05-12,Size/Fit Issue,10293.26
RET00639,TXN031800,2025-10-18,Wrong Item Delivered,6198.42
RET00640,TXN013106,2024-04-22,Changed Mind,3066.03
RET00641,TXN014313,2025-02-23,Defective Product,1891.53
RET00642,TXN014984,2025-06-11,Size/Fit Issue,8009.99
RET00643,TXN019766,2024-09-28,Defective Product,9401.63
RET00644,TXN044575,2025-07-15,Defective Product,22092.62
RET00645,TXN032911,2024-02-10,Defective Product,15603.81
RET00646,TXN007802,2026-01-06,Defective Product,13354.65
RET00647,TXN008765,2025-09-04,Size/Fit Issue,7342.15
RET00648,TXN008521,2024-05-08,Damaged in Transit,805.72
RET00649,TXN029761,2024-07-31,Changed Mind,9145.18
RET00650,TXN003576,2025-07-22,Changed Mind,18891.86
RET00651,TXN014942,2025-03-01,Wrong Item Delivered,38145.63
RET00652,TXN014901,2024-05-07,Defective Product,54018.51
RET00653,TXN014449,2024-11-13,Quality Not as Expected,59520.31
RET00654,TXN009310,2024-06-08,Duplicate Order,3669.29
RET00655,TXN029649,2025-07-23,Duplicate Order,6189.87
RET00656,TXN040881,2025-10-03,Defective Product,11949.24
RET00657,TXN022314,2025-11-28,Changed Mind,18899.25
RET00658,TXN001477,2025-07-03,Defective Product,32161.31
RET00659,TXN033571,2025-11-20,Wrong Item Delivered,7643.55
RET00660,TXN002529,2025-12-27,Duplicate Order,8139.12
RET00661,TXN004846,2024-02-15,Changed Mind,105330.17
RET00662,TXN019318,2024-07-16,Defective Product,35453.15
RET00663,TXN009089,2024-06-16,Changed Mind,8365.65
RET00664,TXN019757,2024-09-17,Wrong Item Delivered,19602.42
RET00665,TXN025082,2024-07-29,Changed Mind,3115.81
RET00666,TXN036538,2024-04-20,Damaged in Transit,3146.93
RET00667,TXN011665,2025-01-18,Damaged in Transit,19286.03
RET00668,TXN011564,2025-10-09,Duplicate Order,5475.43
RET00669,TXN022777,2024-10-14,Quality Not as Expected,3428.6
RET00670,TXN037228,2024-03-24,Damaged in Transit,63981.05
RET00671,TXN034193,2024-08-30,Wrong Item Delivered,9223.6
RET00672,TXN008814,2024-03-09,Size/Fit Issue,1850.91
RET00673,TXN017864,2024-08-29,Defective Product,30755.38
RET00674,TXN037513,2024-06-10,Defective Product,9177.38
RET00675,TXN030384,2024-05-08,Quality Not as Expected,354.64
RET00676,TXN029882,2024-05-14,Duplicate Order,16467.18
RET00677,TXN043049,2024-03-11,Changed Mind,429.1
RET00678,TXN029297,2024-12-16,Wrong Item Delivered,1594.91
RET00679,TXN019980,2024-05-06,Wrong Item Delivered,7080.92
RET00680,TXN011604,2025-12-23,Quality Not as Expected,32411.84
RET00681,TXN003926,2026-01-01,Changed Mind,32812.99
RET00682,TXN017956,2024-05-17,Quality Not as Expected,2107.7
RET00683,TXN008583,2025-06-01,Duplicate Order,8931.12
RET00684,TXN001821,2025-09-28,Changed Mind,2631.0
RET00685,TXN002881,2025-01-25,Wrong Item Delivered,2052.78
RET00686,TXN042889,2024-10-16,Damaged in Transit,9046.47
RET00687,TXN025278,2025-08-23,Duplicate Order,976.96
RET00688,TXN020301,2024-10-04,Wrong Item Delivered,4404.99
RET00689,TXN042358,2024-09-05,Damaged in Transit,5730.62
RET00690,TXN034809,2025-07-04,Damaged in Transit,19803.04
RET00691,TXN003898,2025-02-18,Changed Mind,52127.48
RET00692,TXN043148,2025-09-08,Damaged in Transit,6915.06
RET00693,TXN043998,2024-06-29,Wrong Item Delivered,28768.3
RET00694,TXN015818,2025-12-27,Quality Not as Expected,4343.3
RET00695,TXN027255,2024-07-25,Size/Fit Issue,28321.3
RET00696,TXN015675,2025-04-18,Changed Mind,4205.7
RET00697,TXN034632,2025-02-28,Quality Not as Expected,7637.78
RET00698,TXN029923,2025-12-20,Duplicate Order,40610.71
RET00699,TXN023131,2024-08-25,Defective Product,29301.98
RET00700,TXN002856,2025-06-21,Size/Fit Issue,8507.91
RET00701,TXN014418,2025-03-05,Size/Fit Issue,17219.51
RET00702,TXN028367,2024-01-31,Changed Mind,2537.0
RET00703,TXN033707,2025-02-15,Size/Fit Issue,14518.54
RET00704,TXN024241,2025-12-22,Defective Product,23258.93
RET00705,TXN015835,2025-12-17,Defective Product,7670.18
RET00706,TXN044850,2024-03-11,Duplicate Order,3995.67
RET00707,TXN018081,2024-12-29,Quality Not as Expected,13000.19
RET00708,TXN038933,2025-10-19,Quality Not as Expected,5256.87
RET00709,TXN026032,2024-01-09,Damaged in Transit,9695.94
RET00710,TXN036047,2025-10-28,Defective Product,825.94
RET00711,TXN038479,2024-10-16,Damaged in Transit,9078.39
RET00712,TXN042047,2025-11-10,Changed Mind,3725.6
RET00713,TXN026296,2025-09-01,Damaged in Transit,53311.77
RET00714,TXN002571,2024-05-30,Duplicate Order,6300.94
RET00715,TXN021767,2025-03-24,Defective Product,2320.51
RET00716,TXN004272,2024-03-19,Size/Fit Issue,5672.31
RET00717,TXN027594,2024-10-13,Damaged in Transit,7347.54
RET00718,TXN000450,2024-07-06,Changed Mind,55005.32
RET00719,TXN042920,2024-03-01,Quality Not as Expected,34360.01
RET00720,TXN023956,2024-07-08,Duplicate Order,12570.86
RET00721,TXN009953,2024-12-31,Duplicate Order,341.67
RET00722,TXN000866,2024-07-31,Changed Mind,6709.86
RET00723,TXN004872,2024-06-28,Wrong Item Delivered,2809.37
RET00724,TXN009286,2025-04-05,Size/Fit Issue,22656.55
RET00725,TXN031112,2025-04-26,Wrong Item Delivered,4222.51
RET00726,TXN012681,2025-10-29,Duplicate Order,88325.99
RET00727,TXN043620,2024-04-29,Damaged in Transit,187.93
RET00728,TXN034059,2024-07-23,Defective Product,4927.82
RET00729,TXN014409,2025-08-11,Quality Not as Expected,2022.43
RET00730,TXN038745,2025-08-09,Size/Fit Issue,18335.26
RET00731,TXN044438,2025-12-22,Size/Fit Issue,28845.56
RET00732,TXN036046,2024-11-03,Quality Not as Expected,1156.07
RET00733,TXN012675,2024-05-31,Damaged in Transit,2184.57
RET00734,TXN036460,2024-09-04,Damaged in Transit,5663.08
RET00735,TXN043086,2025-04-17,Defective Product,24592.03
RET00736,TXN026476,2025-11-08,Defective Product,860.57
RET00737,TXN016065,2025-09-13,Changed Mind,2202.03
RET00738,TXN031639,2025-12-12,Quality Not as Expected,18978.72
RET00739,TXN010334,2024-08-07,Duplicate Order,7841.16
RET00740,TXN025639,2025-03-15,Size/Fit Issue,11410.33
RET00741,TXN019988,2024-08-18,Quality Not as Expected,3281.89
RET00742,TXN005507,2025-12-19,Changed Mind,14123.02
RET00743,TXN039534,2025-10-21,Wrong Item Delivered,8722.47
RET00744,TXN020768,2024-07-09,Wrong Item Delivered,12383.49
RET00745,TXN023617,2024-02-01,Quality Not as Expected,1231.95
RET00746,TXN002773,2025-11-02,Wrong Item Delivered,13670.81
RET00747,TXN028945,2025-02-23,Defective Product,2195.72
RET00748,TXN037437,2024-10-06,Changed Mind,106761.74
RET00749,TXN017939,2024-02-02,Wrong Item Delivered,1865.94
RET00750,TXN021537,2025-05-23,Duplicate Order,5959.3
RET00751,TXN044088,2024-10-07,Quality Not as Expected,11227.81
RET00752,TXN033442,2025-04-17,Wrong Item Delivered,163543.46
RET00753,TXN021077,2024-05-19,Defective Product,53071.57
RET00754,TXN027295,2025-09-28,Damaged in Transit,10123.4
RET00755,TXN031487,2025-04-19,Quality Not as Expected,15906.45
RET00756,TXN009980,2025-10-10,Wrong Item Delivered,10959.11
RET00757,TXN010361,2025-09-17,Changed Mind,9926.39
RET00758,TXN019752,2025-09-17,Quality Not as Expected,13958.18
RET00759,TXN009049,2024-07-06,Damaged in Transit,1478.64
RET00760,TXN030512,2025-08-28,Wrong Item Delivered,20753.86
RET00761,TXN011500,2024-06-22,Duplicate Order,18890.61
RET00762,TXN011802,2025-02-05,Duplicate Order,1870.41
RET00763,TXN041929,2025-11-29,Duplicate Order,5333.84
RET00764,TXN028365,2024-06-04,Quality Not as Expected,45884.97
RET00765,TXN041828,2024-03-10,Duplicate Order,4898.6
RET00766,TXN006251,2025-05-08,Wrong Item Delivered,1005.6
RET00767,TXN010337,2024-06-23,Changed Mind,9252.56
RET00768,TXN021938,2025-04-14,Quality Not as Expected,4243.69
RET00769,TXN028900,2024-05-28,Duplicate Order,3666.01
RET00770,TXN022352,2024-05-15,Quality Not as Expected,23562.14
RET00771,TXN008832,2025-04-22,Wrong Item Delivered,7849.27
RET00772,TXN001873,2025-11-19,Size/Fit Issue,5169.71
RET00773,TXN021866,2025-12-24,Size/Fit Issue,4732.79
RET00774,TXN021117,2024-12-02,Damaged in Transit,5282.04
RET00775,TXN042004,2025-10-16,Wrong Item Delivered,1771.11
RET00776,TXN044827,2024-06-11,Quality Not as Expected,7431.69
RET00777,TXN008962,2024-04-03,Size/Fit Issue,29005.66
RET00778,TXN039205,2025-08-31,Damaged in Transit,16640.92
RET00779,TXN002536,2024-07-18,Defective Product,574.07
RET00780,TXN001202,2025-08-05,Quality Not as Expected,1237.58
RET00781,TXN038671,2024-12-12,Wrong Item Delivered,634.35
RET00782,TXN043334,2025-03-22,Duplicate Order,6234.18
RET00783,TXN017952,2024-09-05,Wrong Item Delivered,19797.1
RET00784,TXN016448,2025-09-03,Damaged in Transit,5108.56
RET00785,TXN029427,2025-04-12,Damaged in Transit,12938.29
RET00786,TXN041852,2025-01-20,Duplicate Order,7851.32
RET00787,TXN025801,2024-08-13,Quality Not as Expected,24600.9
RET00788,TXN036065,2024-04-20,Defective Product,9283.97
RET00789,TXN029027,2025-08-09,Damaged in Transit,6040.78
RET00790,TXN044818,2024-07-26,Duplicate Order,47923.68
RET00791,TXN040491,2025-09-02,Size/Fit Issue,6391.56
RET00792,TXN021848,2025-12-27,Size/Fit Issue,28776.51
RET00793,TXN031256,2024-04-25,Duplicate Order,12454.44
RET00794,TXN030600,2024-09-11,Defective Product,445.25
RET00795,TXN018728,2024-12-13,Duplicate Order,6812.59
RET00796,TXN025045,2024-09-18,Wrong Item Delivered,9680.95
RET00797,TXN008613,2024-04-26,Wrong Item Delivered,2118.18
RET00798,TXN002763,2025-04-23,Size/Fit Issue,43872.0
RET00799,TXN004595,2025-01-31,Duplicate Order,23310.41
RET00800,TXN023398,2025-05-06,Damaged in Transit,9819.71
RET00801,TXN025697,2024-10-11,Damaged in Transit,185.24
RET00802,TXN039574,2024-05-20,Wrong Item Delivered,586.31
RET00803,TXN026481,2025-08-02,Damaged in Transit,19349.26
RET00804,TXN016692,2025-04-03,Defective Product,20970.9
RET00805,TXN010168,2024-08-13,Quality Not as Expected,25271.47
RET00806,TXN026984,2024-12-17,Size/Fit Issue,9439.46
RET00807,TXN036408,2025-07-31,Changed Mind,42498.05
RET00808,TXN001380,2024-02-07,Defective Product,34817.33
RET00809,TXN042065,2025-04-23,Defective Product,562.46
RET00810,TXN041745,2025-01-28,Defective Product,7067.95
RET00811,TXN012300,2025-01-13,Changed Mind,7661.05
RET00812,TXN001896,2025-09-28,Damaged in Transit,8448.34
RET00813,TXN040516,2025-02-02,Wrong Item Delivered,1425.9
RET00814,TXN041475,2024-05-14,Changed Mind,7174.72
RET00815,TXN040485,2024-05-28,Size/Fit Issue,3888.82
RET00816,TXN027918,2024-10-21,Quality Not as Expected,37883.6
RET00817,TXN008769,2024-09-07,Duplicate Order,3510.59
RET00818,TXN007651,2024-09-27,Wrong Item Delivered,9106.09
RET00819,TXN008389,2024-07-09,Size/Fit Issue,3381.25
RET00820,TXN029128,2024-05-15,Quality Not as Expected,2092.15
RET00821,TXN004472,2025-07-17,Defective Product,9991.61
RET00822,TXN039870,2025-07-30,Damaged in Transit,19114.86
RET00823,TXN001693,2025-03-02,Defective Product,1433.99
RET00824,TXN019950,2024-01-20,Duplicate Order,22020.97
RET00825,TXN004808,2025-01-28,Quality Not as Expected,4533.6
RET00826,TXN038223,2025-01-04,Changed Mind,34298.87
RET00827,TXN000168,2024-11-17,Wrong Item Delivered,27649.85
RET00828,TXN033269,2025-11-16,Duplicate Order,6988.94
RET00829,TXN013779,2024-07-26,Size/Fit Issue,21632.65
RET00830,TXN013622,2025-09-25,Wrong Item Delivered,1980.46
RET00831,TXN039919,2024-12-03,Changed Mind,11947.7
RET00832,TXN021275,2025-12-18,Size/Fit Issue,4782.28
RET00833,TXN033593,2024-10-04,Quality Not as Expected,7172.35
RET00834,TXN042294,2024-04-03,Duplicate Order,476.71
RET00835,TXN018791,2025-03-31,Damaged in Transit,1281.24
RET00836,TXN037606,2025-02-17,Duplicate Order,6901.88
RET00837,TXN034758,2024-04-12,Wrong Item Delivered,18124.58
RET00838,TXN021358,2025-03-04,Quality Not as Expected,75271.9
RET00839,TXN024529,2025-07-27,Duplicate Order,641.59
RET00840,TXN005716,2024-10-06,Defective Product,5356.36
RET00841,TXN006220,2025-09-08,Defective Product,20887.54
RET00842,TXN027537,2024-01-07,Size/Fit Issue,11268.92
RET00843,TXN043887,2025-06-12,Wrong Item Delivered,4048.21
RET00844,TXN013328,2024-10-15,Quality Not as Expected,15988.16
RET00845,TXN010691,2025-08-14,Damaged in Transit,9468.09
RET00846,TXN009544,2024-06-03,Duplicate Order,22623.16
RET00847,TXN013743,2025-05-02,Defective Product,6055.09
RET00848,TXN024549,2024-09-20,Quality Not as Expected,70887.13
RET00849,TXN020221,2024-09-21,Defective Product,6497.64
RET00850,TXN002498,2025-04-23,Damaged in Transit,2999.61
RET00851,TXN001897,2024-10-07,Damaged in Transit,15203.68
RET00852,TXN036616,2024-07-06,Size/Fit Issue,12707.6
RET00853,TXN031635,2024-10-10,Quality Not as Expected,361.94
RET00854,TXN003428,2025-12-19,Size/Fit Issue,5305.76
RET00855,TXN015571,2025-02-10,Size/Fit Issue,29255.48
RET00856,TXN044957,2024-04-20,Quality Not as Expected,16967.08
RET00857,TXN006746,2025-08-29,Changed Mind,10827.15
RET00858,TXN039074,2025-06-14,Wrong Item Delivered,10121.89
RET00859,TXN023300,2025-12-08,Damaged in Transit,21377.32
RET00860,TXN027863,2024-11-17,Damaged in Transit,2969.28
RET00861,TXN011302,2025-09-29,Damaged in Transit,104591.59
RET00862,TXN004637,2024-06-07,Defective Product,2311.85
RET00863,TXN017310,2025-07-17,Damaged in Transit,18120.67
RET00864,TXN002311,2024-08-10,Size/Fit Issue,1474.68
RET00865,TXN037431,2024-12-14,Damaged in Transit,15626.16
RET00866,TXN032918,2025-01-11,Defective Product,5119.73
RET00867,TXN007825,2025-01-09,Defective Product,4809.61
RET00868,TXN018134,2025-02-28,Defective Product,3090.25
RET00869,TXN016874,2025-01-31,Defective Product,261.06
RET00870,TXN022174,2025-12-22,Damaged in Transit,12070.86
RET00871,TXN029714,2024-06-29,Wrong Item Delivered,5409.77
RET00872,TXN010958,2024-06-11,Defective Product,13852.42
RET00873,TXN028418,2025-08-10,Quality Not as Expected,9154.14
RET00874,TXN010113,2024-12-16,Changed Mind,1819.77
RET00875,TXN000041,2025-01-18,Quality Not as Expected,17608.51
RET00876,TXN004680,2025-06-26,Defective Product,4251.94
RET00877,TXN013947,2025-09-24,Defective Product,20722.56
RET00878,TXN023766,2024-10-05,Damaged in Transit,4088.14
RET00879,TXN015869,2025-09-26,Defective Product,2696.89
RET00880,TXN001167,2025-01-23,Duplicate Order,8076.9
RET00881,TXN042495,2024-04-12,Size/Fit Issue,9375.27
RET00882,TXN019804,2025-02-17,Duplicate Order,36101.6
RET00883,TXN022497,2025-10-09,Changed Mind,3693.0
RET00884,TXN005177,2024-08-28,Wrong Item Delivered,5782.68
RET00885,TXN011409,2025-04-02,Changed Mind,98341.05
RET00886,TXN014099,2025-11-22,Damaged in Transit,4987.51
RET00887,TXN010339,2025-12-30,Defective Product,14150.6
RET00888,TXN024172,2025-12-01,Damaged in Transit,19566.47
RET00889,TXN000498,2025-01-21,Quality Not as Expected,96827.08
RET00890,TXN043295,2025-05-12,Size/Fit Issue,1653.68
RET00891,TXN029888,2025-09-28,Size/Fit Issue,21173.27
RET00892,TXN015111,2025-12-13,Defective Product,381.36
RET00893,TXN005578,2025-04-27,Defective Product,5864.7
RET00894,TXN002263,2024-05-01,Changed Mind,33880.35
RET00895,TXN026678,2024-06-09,Damaged in Transit,577.31
RET00896,TXN000359,2025-05-13,Damaged in Transit,22533.01
RET00897,TXN030004,2024-06-14,Changed Mind,3189.28
RET00898,TXN010680,2025-08-24,Quality Not as Expected,20667.54
RET00899,TXN022890,2024-12-17,Defective Product,12456.49
RET00900,TXN026909,2025-11-04,Wrong Item Delivered,18321.49
RET00901,TXN029459,2024-06-23,Defective Product,22950.82
RET00902,TXN003463,2024-11-25,Size/Fit Issue,11456.14
RET00903,TXN018991,2025-08-10,Damaged in Transit,203.6
RET00904,TXN020455,2025-07-19,Wrong Item Delivered,10550.0
RET00905,TXN011830,2025-02-28,Size/Fit Issue,21697.26
RET00906,TXN011659,2025-12-31,Quality Not as Expected,24667.29
RET00907,TXN040778,2025-01-27,Size/Fit Issue,86966.64
RET00908,TXN000716,2026-01-11,Damaged in Transit,41498.88
RET00909,TXN004735,2024-12-23,Wrong Item Delivered,1441.62
RET00910,TXN008384,2025-09-20,Changed Mind,23500.2
RET00911,TXN041963,2025-12-28,Size/Fit Issue,4404.53
RET00912,TXN022114,2025-09-08,Damaged in Transit,9957.84
RET00913,TXN041877,2024-08-18,Wrong Item Delivered,1002.57
RET00914,TXN038181,2024-03-29,Damaged in Transit,1706.99
RET00915,TXN004167,2024-06-08,Size/Fit Issue,36774.24
RET00916,TXN033922,2024-12-30,Size/Fit Issue,15119.94
RET00917,TXN034571,2025-07-29,Damaged in Transit,61672.01
RET00918,TXN044327,2024-06-11,Size/Fit Issue,965.95
RET00919,TXN024438,2024-01-17,Defective Product,2953.07
RET00920,TXN043366,2025-08-05,Size/Fit Issue,46653.53
RET00921,TXN010299,2024-02-01,Changed Mind,8820.18
RET00922,TXN038716,2025-12-13,Quality Not as Expected,3421.05
RET00923,TXN026344,2024-03-12,Changed Mind,9442.66
RET00924,TXN025054,2024-09-10,Duplicate Order,31123.12
RET00925,TXN017331,2024-03-10,Quality Not as Expected,21351.96
RET00926,TXN024477,2025-11-08,Duplicate Order,20859.1
RET00927,TXN043009,2024-05-05,Damaged in Transit,2983.36
RET00928,TXN003599,2025-11-24,Changed Mind,16754.75
RET00929,TXN010332,2024-03-15,Defective Product,3665.05
RET00930,TXN041776,2024-12-24,Quality Not as Expected,3086.91
RET00931,TXN010323,2025-04-02,Damaged in Transit,993.16
RET00932,TXN043684,2024-06-09,Size/Fit Issue,8912.56
RET00933,TXN009670,2025-03-24,Size/Fit Issue,6206.47
RET00934,TXN029562,2025-03-17,Wrong Item Delivered,11070.57
RET00935,TXN023873,2025-05-25,Quality Not as Expected,28519.86
RET00936,TXN027130,2024-12-16,Defective Product,13300.44
RET00937,TXN005670,2024-02-06,Changed Mind,161.08
RET00938,TXN025897,2024-01-18,Changed Mind,4521.94
RET00939,TXN006437,2025-08-02,Size/Fit Issue,10449.2
RET00940,TXN030877,2025-11-16,Wrong Item Delivered,11485.09
RET00941,TXN004048,2024-03-16,Wrong Item Delivered,3597.53
RET00942,TXN004754,2024-01-31,Quality Not as Expected,22960.82
RET00943,TXN038701,2025-01-25,Wrong Item Delivered,2549.1
RET00944,TXN000692,2024-03-05,Wrong Item Delivered,2628.23
RET00945,TXN015712,2024-05-22,Defective Product,7794.81
RET00946,TXN001281,2025-01-23,Duplicate Order,3850.18
RET00947,TXN032267,2025-07-29,Size/Fit Issue,23954.81
RET00948,TXN042260,2025-06-02,Defective Product,11710.16
RET00949,TXN032080,2025-12-15,Duplicate Order,752.3
RET00950,TXN003372,2024-05-21,Size/Fit Issue,43576.55
RET00951,TXN044952,2024-04-24,Size/Fit Issue,21191.37
RET00952,TXN038988,2025-10-04,Quality Not as Expected,12542.46
RET00953,TXN004861,2024-04-24,Duplicate Order,209.98
RET00954,TXN019865,2024-05-27,Duplicate Order,3363.68
RET00955,TXN008396,2025-07-14,Duplicate Order,18895.55
RET00956,TXN041392,2025-04-26,Size/Fit Issue,2493.0
RET00957,TXN008907,2025-04-21,Wrong Item Delivered,5061.81
RET00958,TXN002737,2024-02-22,Defective Product,40748.02
RET00959,TXN019944,2025-02-08,Size/Fit Issue,1692.23
RET00960,TXN002696,2025-09-15,Defective Product,1531.65
RET00961,TXN014144,2024-02-09,Defective Product,75123.28
RET00962,TXN039969,2025-04-23,Damaged in Transit,8690.68
RET00963,TXN017327,2025-06-09,Defective Product,5517.16
RET00964,TXN042251,2024-01-08,Duplicate Order,2057.81
RET00965,TXN040079,2025-04-25,Quality Not as Expected,1167.8
RET00966,TXN042237,2025-04-19,Defective Product,10856.1
RET00967,TXN001739,2024-08-13,Wrong Item Delivered,1286.82
RET00968,TXN005763,2024-07-07,Duplicate Order,151891.02
RET00969,TXN043091,2024-03-05,Changed Mind,1589.07
RET00970,TXN001649,2025-07-07,Duplicate Order,640.44
RET00971,TXN025529,2024-02-23,Wrong Item Delivered,8866.01
RET00972,TXN014537,2025-12-04,Wrong Item Delivered,8058.07
RET00973,TXN007871,2025-08-13,Damaged in Transit,14361.83
RET00974,TXN021994,2025-02-20,Duplicate Order,242.16
RET00975,TXN006826,2026-01-01,Wrong Item Delivered,2007.67
RET00976,TXN020811,2025-10-31,Duplicate Order,2651.23
RET00977,TXN002041,2024-05-09,Damaged in Transit,619.44
RET00978,TXN001849,2024-05-16,Quality Not as Expected,5447.74
RET00979,TXN026712,2024-11-22,Changed Mind,172593.89
RET00980,TXN033468,2025-05-18,Wrong Item Delivered,5111.1
RET00981,TXN011551,2024-12-17,Quality Not as Expected,1978.47
RET00982,TXN016645,2025-09-10,Size/Fit Issue,4019.93
RET00983,TXN026474,2025-01-02,Defective Product,5409.0
RET00984,TXN032908,2024-02-22,Defective Product,15326.39
RET00985,TXN031491,2025-06-13,Wrong Item Delivered,10835.79
RET00986,TXN004863,2024-09-01,Defective Product,2496.55
RET00987,TXN043918,2025-04-18,Changed Mind,8118.85
RET00988,TXN042421,2025-11-16,Size/Fit Issue,10644.09
RET00989,TXN017188,2025-05-28,Wrong Item Delivered,701.54
RET00990,TXN029506,2025-04-22,Size/Fit Issue,24595.57
RET00991,TXN014502,2024-08-24,Size/Fit Issue,20881.96
RET00992,TXN001028,2024-12-08,Changed Mind,4251.26
RET00993,TXN020083,2025-04-05,Defective Product,33375.75
RET00994,TXN022504,2025-01-14,Wrong Item Delivered,40503.25
RET00995,TXN027158,2024-11-04,Damaged in Transit,2057.03
RET00996,TXN017911,2024-10-26,Changed Mind,543.77
RET00997,TXN016506,2024-11-10,Changed Mind,5153.27
RET00998,TXN032743,2024-07-14,Duplicate Order,3573.83
RET00999,TXN000430,2024-05-26,Damaged in Transit,8550.98
RET01000,TXN041120,2024-06-13,Duplicate Order,5091.06
RET01001,TXN021888,2025-01-09,Quality Not as Expected,3450.69
RET01002,TXN040390,2025-06-15,Changed Mind,3325.44
RET01003,TXN036125,2025-03-15,Damaged in Transit,6575.74
RET01004,TXN001779,2024-04-10,Size/Fit Issue,3420.79
RET01005,TXN037493,2024-05-07,Quality Not as Expected,95068.55
RET01006,TXN002186,2025-10-04,Wrong Item Delivered,6900.0
RET01007,TXN030589,2025-11-17,Quality Not as Expected,20728.15
RET01008,TXN008200,2025-11-19,Quality Not as Expected,6741.59
RET01009,TXN031029,2024-06-04,Defective Product,31222.17
RET01010,TXN000867,2025-01-15,Duplicate Order,14570.49
RET01011,TXN043214,2025-11-21,Duplicate Order,22880.65
RET01012,TXN039225,2025-07-05,Wrong Item Delivered,7801.53
RET01013,TXN033266,2025-09-24,Size/Fit Issue,464.1
RET01014,TXN016986,2024-01-24,Size/Fit Issue,21058.73
RET01015,TXN013583,2025-07-02,Wrong Item Delivered,10317.3
RET01016,TXN034050,2024-10-02,Duplicate Order,23745.44
RET01017,TXN034402,2025-10-21,Quality Not as Expected,20110.16
RET01018,TXN003326,2025-05-17,Wrong Item Delivered,22542.91
RET01019,TXN013901,2024-08-27,Wrong Item Delivered,502.9
RET01020,TXN009007,2024-10-06,Damaged in Transit,10851.68
RET01021,TXN021645,2024-07-24,Quality Not as Expected,49084.61
RET01022,TXN041322,2025-10-25,Wrong Item Delivered,20858.7
RET01023,TXN014715,2025-04-03,Changed Mind,249.25
RET01024,TXN008675,2024-08-05,Size/Fit Issue,156473.12
RET01025,TXN019866,2025-08-31,Wrong Item Delivered,7696.11
RET01026,TXN036919,2024-05-21,Defective Product,1420.36
RET01027,TXN025758,2024-01-18,Quality Not as Expected,117771.16
RET01028,TXN005995,2025-06-13,Damaged in Transit,41254.11
RET01029,TXN025966,2025-04-01,Size/Fit Issue,14444.38
RET01030,TXN020735,2025-01-26,Damaged in Transit,4584.62
RET01031,TXN013652,2024-12-12,Defective Product,422.66
RET01032,TXN003719,2024-12-12,Defective Product,8559.51
RET01033,TXN033521,2024-09-30,Quality Not as Expected,101699.97
RET01034,TXN008899,2025-10-29,Changed Mind,5873.39
RET01035,TXN040240,2025-09-06,Wrong Item Delivered,73111.02
RET01036,TXN012195,2025-07-10,Changed Mind,11908.66
RET01037,TXN009326,2025-09-28,Duplicate Order,41665.38
RET01038,TXN005696,2024-07-25,Defective Product,33961.08
RET01039,TXN043427,2024-10-30,Changed Mind,284.21
RET01040,TXN037839,2024-09-03,Damaged in Transit,2741.03
RET01041,TXN009349,2025-04-01,Damaged in Transit,5063.77
RET01042,TXN031031,2025-10-05,Size/Fit Issue,113694.62
RET01043,TXN008989,2024-07-24,Size/Fit Issue,39790.84
RET01044,TXN020642,2024-10-18,Wrong Item Delivered,16914.69
RET01045,TXN011989,2024-12-07,Duplicate Order,2538.9
RET01046,TXN021839,2024-08-19,Damaged in Transit,20939.15
RET01047,TXN023857,2025-10-26,Changed Mind,23240.68
RET01048,TXN013562,2024-05-05,Changed Mind,814.39
RET01049,TXN012629,2025-03-07,Changed Mind,10806.3
RET01050,TXN031796,2025-12-19,Size/Fit Issue,1308.98
RET01051,TXN037586,2024-11-09,Changed Mind,5700.55
RET01052,TXN015670,2024-02-23,Defective Product,27099.94
RET01053,TXN026031,2024-01-20,Size/Fit Issue,15102.49
RET01054,TXN036335,2024-02-24,Quality Not as Expected,2008.67
RET01055,TXN016627,2024-02-22,Defective Product,5821.41
RET01056,TXN018345,2024-06-27,Quality Not as Expected,4231.04
RET01057,TXN005590,2025-10-15,Quality Not as Expected,672.73
RET01058,TXN038608,2024-12-10,Wrong Item Delivered,25671.52
RET01059,TXN039301,2025-08-24,Size/Fit Issue,6177.91
RET01060,TXN013170,2024-03-12,Changed Mind,2147.5
RET01061,TXN016524,2025-01-16,Quality Not as Expected,10389.97
RET01062,TXN009165,2025-08-01,Changed Mind,1844.94
RET01063,TXN015209,2025-09-23,Quality Not as Expected,2434.52
RET01064,TXN005128,2025-07-22,Wrong Item Delivered,6967.3
RET01065,TXN005584,2024-03-19,Defective Product,5097.38
RET01066,TXN020697,2025-08-28,Wrong Item Delivered,23757.78
RET01067,TXN033202,2025-09-12,Changed Mind,20320.86
RET01068,TXN003656,2024-04-04,Defective Product,1239.99
RET01069,TXN001041,2024-10-26,Duplicate Order,9316.54
RET01070,TXN025171,2025-07-06,Duplicate Order,4862.76
RET01071,TXN025164,2025-10-29,Quality Not as Expected,19780.91
RET01072,TXN035848,2024-09-10,Duplicate Order,241.71
RET01073,TXN034103,2025-12-29,Quality Not as Expected,1014.0
RET01074,TXN031538,2024-08-19,Damaged in Transit,2567.17
RET01075,TXN012157,2025-09-19,Duplicate Order,5247.43
RET01076,TXN023610,2025-08-22,Defective Product,7634.17
RET01077,TXN015398,2025-02-19,Quality Not as Expected,180875.28
RET01078,TXN017069,2025-04-26,Damaged in Transit,34063.67
RET01079,TXN008267,2025-09-13,Changed Mind,31558.52
RET01080,TXN006907,2024-01-26,Wrong Item Delivered,684.79
RET01081,TXN035291,2025-10-03,Defective Product,3198.79
RET01082,TXN032338,2025-07-06,Wrong Item Delivered,108736.65
RET01083,TXN008472,2025-01-29,Duplicate Order,2387.73
RET01084,TXN006932,2026-01-02,Defective Product,7469.44
RET01085,TXN016726,2024-04-28,Duplicate Order,60088.47
RET01086,TXN007713,2024-02-23,Damaged in Transit,2480.11
RET01087,TXN025243,2025-12-17,Defective Product,39434.75
RET01088,TXN042963,2024-03-18,Quality Not as Expected,4330.02
RET01089,TXN005821,2025-11-08,Duplicate Order,5789.51
RET01090,TXN025906,2024-07-31,Changed Mind,13485.1
RET01091,TXN027562,2024-06-13,Damaged in Transit,11950.83
RET01092,TXN011428,2024-03-07,Quality Not as Expected,326.17
RET01093,TXN040460,2025-03-30,Quality Not as Expected,7618.52
RET01094,TXN032264,2024-09-23,Damaged in Transit,18249.68
RET01095,TXN025965,2025-01-16,Defective Product,9267.02
RET01096,TXN015935,2024-05-29,Duplicate Order,7171.55
RET01097,TXN015630,2024-09-18,Quality Not as Expected,5519.57
RET01098,TXN040831,2024-11-16,Duplicate Order,47564.37
RET01099,TXN006968,2025-04-23,Size/Fit Issue,28897.21
RET01100,TXN026108,2025-05-09,Size/Fit Issue,4388.22
RET01101,TXN025674,2025-07-07,Defective Product,1781.28
RET01102,TXN005108,2025-03-11,Size/Fit Issue,37784.63
RET01103,TXN013055,2024-05-31,Changed Mind,1414.56
RET01104,TXN002301,2025-08-27,Size/Fit Issue,2830.77
RET01105,TXN027538,2025-07-16,Duplicate Order,4741.88
RET01106,TXN029948,2024-01-20,Defective Product,464.87
RET01107,TXN015287,2025-01-29,Changed Mind,17239.59
RET01108,TXN000824,2025-08-30,Changed Mind,20826.09
RET01109,TXN007347,2025-07-09,Duplicate Order,46768.47
RET01110,TXN038436,2024-06-14,Duplicate Order,12793.4
RET01111,TXN014667,2024-02-20,Size/Fit Issue,7651.89
RET01112,TXN043677,2024-11-09,Quality Not as Expected,13923.61
RET01113,TXN000990,2024-08-03,Damaged in Transit,12202.1
RET01114,TXN011887,2025-05-05,Duplicate Order,72175.35
RET01115,TXN022887,2024-02-29,Wrong Item Delivered,32074.57
RET01116,TXN033253,2025-11-10,Quality Not as Expected,56956.77
RET01117,TXN008320,2025-04-13,Damaged in Transit,8226.14
RET01118,TXN004229,2025-02-04,Wrong Item Delivered,20028.04
RET01119,TXN025369,2024-12-27,Defective Product,2420.68
RET01120,TXN038166,2025-06-04,Defective Product,4542.6
RET01121,TXN017805,2024-07-04,Quality Not as Expected,7799.81
RET01122,TXN031148,2025-05-23,Wrong Item Delivered,11548.59
RET01123,TXN023467,2025-11-09,Defective Product,3146.89
RET01124,TXN035630,2024-12-30,Duplicate Order,6260.31
RET01125,TXN030250,2025-03-07,Changed Mind,12008.37
RET01126,TXN014638,2025-08-14,Size/Fit Issue,7548.28
RET01127,TXN040658,2024-08-22,Quality Not as Expected,12014.11
RET01128,TXN007927,2024-03-10,Changed Mind,4369.8
RET01129,TXN034105,2025-05-01,Changed Mind,688.58
RET01130,TXN031679,2025-11-19,Duplicate Order,1019.95
RET01131,TXN029507,2024-06-14,Changed Mind,17868.13
RET01132,TXN038268,2024-04-26,Damaged in Transit,23154.79
RET01133,TXN029287,2024-12-22,Quality Not as Expected,17588.38
RET01134,TXN020874,2024-04-09,Duplicate Order,12606.18
RET01135,TXN021317,2024-04-24,Changed Mind,19502.25
RET01136,TXN021970,2025-08-20,Duplicate Order,14454.73
RET01137,TXN016403,2025-11-16,Size/Fit Issue,14019.5
RET01138,TXN038373,2025-06-06,Wrong Item Delivered,1072.85
RET01139,TXN035718,2025-10-12,Size/Fit Issue,3024.58
RET01140,TXN032533,2025-11-23,Wrong Item Delivered,4386.25
RET01141,TXN037866,2025-02-27,Duplicate Order,19530.66
RET01142,TXN018637,2024-06-23,Quality Not as Expected,13320.3
RET01143,TXN040196,2025-08-29,Defective Product,7415.88
RET01144,TXN031670,2024-01-11,Changed Mind,4136.18
RET01145,TXN040121,2025-07-06,Size/Fit Issue,8644.34
RET01146,TXN035512,2025-11-12,Changed Mind,15825.26
RET01147,TXN017026,2024-03-05,Duplicate Order,3926.13
RET01148,TXN042942,2025-09-26,Damaged in Transit,11537.66
RET01149,TXN044164,2025-08-03,Duplicate Order,3902.54
RET01150,TXN025026,2024-02-15,Quality Not as Expected,82210.07
RET01151,TXN036669,2025-11-16,Wrong Item Delivered,5421.69
RET01152,TXN018647,2025-05-06,Quality Not as Expected,3003.22
RET01153,TXN002853,2024-05-19,Defective Product,21444.52
RET01154,TXN042234,2025-02-08,Defective Product,4813.46
RET01155,TXN000404,2024-12-18,Size/Fit Issue,1466.84
RET01156,TXN027974,2024-11-27,Size/Fit Issue,10560.14
RET01157,TXN000180,2025-05-02,Defective Product,13791.9
RET01158,TXN042313,2025-03-10,Size/Fit Issue,10747.33
RET01159,TXN020954,2024-05-13,Quality Not as Expected,5873.53
RET01160,TXN044711,2024-05-28,Quality Not as Expected,458.98
RET01161,TXN031026,2024-09-16,Duplicate Order,778.74
RET01162,TXN037392,2024-03-16,Damaged in Transit,11094.22
RET01163,TXN034054,2025-09-19,Damaged in Transit,76282.07
RET01164,TXN033276,2025-06-26,Changed Mind,119364.19
RET01165,TXN006906,2025-02-06,Wrong Item Delivered,29448.5
RET01166,TXN009705,2025-11-12,Quality Not as Expected,6345.38
RET01167,TXN033678,2024-12-06,Quality Not as Expected,105301.84
RET01168,TXN009284,2025-05-03,Quality Not as Expected,3938.75
RET01169,TXN041228,2024-09-07,Quality Not as Expected,2602.33
RET01170,TXN014599,2025-07-23,Damaged in Transit,13724.64
RET01171,TXN035116,2025-08-10,Quality Not as Expected,694.59
RET01172,TXN021546,2024-08-17,Size/Fit Issue,58804.95
RET01173,TXN004435,2025-12-26,Size/Fit Issue,15766.45
RET01174,TXN038475,2025-04-11,Damaged in Transit,38437.98
RET01175,TXN017356,2025-05-14,Wrong Item Delivered,8438.14
RET01176,TXN015683,2024-09-15,Quality Not as Expected,7080.92
RET01177,TXN015994,2025-02-04,Changed Mind,29527.11
RET01178,TXN023403,2024-12-14,Defective Product,5272.51
RET01179,TXN032230,2026-01-04,Duplicate Order,2773.51
RET01180,TXN004553,2025-02-08,Damaged in Transit,26889.63
RET01181,TXN036103,2025-06-19,Duplicate Order,12736.09
RET01182,TXN022692,2025-08-07,Defective Product,642.44
RET01183,TXN008652,2024-10-22,Size/Fit Issue,8920.13
RET01184,TXN024144,2024-09-03,Defective Product,545.04
RET01185,TXN023513,2025-04-01,Duplicate Order,8092.38
RET01186,TXN011688,2024-06-30,Damaged in Transit,914.03
RET01187,TXN036062,2025-07-29,Quality Not as Expected,1329.69
RET01188,TXN014457,2026-01-09,Damaged in Transit,10495.96
RET01189,TXN008955,2025-01-11,Wrong Item Delivered,8670.64
RET01190,TXN008262,2024-06-15,Wrong Item Delivered,762.77
RET01191,TXN029899,2024-03-09,Duplicate Order,6535.27
RET01192,TXN015393,2024-06-08,Defective Product,5778.92
RET01193,TXN000060,2025-06-03,Defective Product,30151.93
RET01194,TXN004231,2025-04-18,Changed Mind,3337.57
RET01195,TXN034367,2024-05-24,Defective Product,1667.44
RET01196,TXN008946,2024-12-15,Duplicate Order,6562.86
RET01197,TXN024581,2025-02-01,Quality Not as Expected,2624.0
RET01198,TXN034727,2025-08-18,Quality Not as Expected,17170.98
RET01199,TXN015851,2025-07-11,Damaged in Transit,24709.83
RET01200,TXN032888,2024-04-30,Damaged in Transit,5825.63
RET01201,TXN015553,2024-02-23,Defective Product,535.86
RET01202,TXN039741,2025-04-18,Damaged in Transit,1432.15
RET01203,TXN031766,2024-03-24,Changed Mind,14437.6
RET01204,TXN041481,2024-04-13,Wrong Item Delivered,5869.12
RET01205,TXN027317,2024-11-05,Size/Fit Issue,26366.46
RET01206,TXN016266,2026-01-10,Duplicate Order,29731.44
RET01207,TXN000062,2024-06-09,Size/Fit Issue,5057.71
RET01208,TXN017398,2025-03-27,Wrong Item Delivered,28925.52
RET01209,TXN044328,2025-10-16,Defective Product,15068.61
RET01210,TXN012557,2024-10-24,Size/Fit Issue,14596.81
RET01211,TXN010236,2024-02-02,Quality Not as Expected,4118.21
RET01212,TXN029688,2024-03-15,Damaged in Transit,142.45
RET01213,TXN019297,2025-04-07,Defective Product,108479.55
RET01214,TXN042013,2025-01-18,Wrong Item Delivered,58895.65
RET01215,TXN009227,2024-07-04,Wrong Item Delivered,281.21
RET01216,TXN024094,2024-09-24,Changed Mind,15553.88
RET01217,TXN027849,2025-11-10,Quality Not as Expected,710.0
RET01218,TXN013274,2024-12-25,Duplicate Order,21773.48
RET01219,TXN030984,2024-06-15,Duplicate Order,21136.59
RET01220,TXN038864,2025-07-28,Changed Mind,96118.4
RET01221,TXN029560,2025-08-15,Quality Not as Expected,145.32
RET01222,TXN037818,2025-09-08,Damaged in Transit,619.6
RET01223,TXN040470,2024-12-14,Damaged in Transit,4067.49
RET01224,TXN003949,2025-11-12,Wrong Item Delivered,39804.87
RET01225,TXN014794,2025-09-18,Wrong Item Delivered,10177.8
RET01226,TXN018725,2024-02-11,Duplicate Order,4298.46
RET01227,TXN012969,2024-05-07,Changed Mind,7846.4
RET01228,TXN007526,2024-08-16,Defective Product,16903.2
RET01229,TXN007040,2025-10-29,Quality Not as Expected,43756.85
RET01230,TXN042546,2025-08-05,Duplicate Order,7347.08
RET01231,TXN041346,2024-08-10,Defective Product,1896.53
RET01232,TXN032873,2025-04-24,Damaged in Transit,9361.25
RET01233,TXN032315,2024-09-20,Size/Fit Issue,2919.61
RET01234,TXN028871,2025-02-25,Wrong Item Delivered,8300.14
RET01235,TXN023758,2024-05-11,Size/Fit Issue,6985.79
RET01236,TXN014311,2024-07-04,Defective Product,9012.2
RET01237,TXN019342,2025-06-03,Defective Product,8566.36
RET01238,TXN038872,2024-02-09,Size/Fit Issue,28299.73
RET01239,TXN002807,2024-07-19,Quality Not as Expected,5779.6
RET01240,TXN004476,2024-05-07,Quality Not as Expected,2506.46
RET01241,TXN024637,2024-04-04,Damaged in Transit,6761.49
RET01242,TXN005839,2024-09-23,Duplicate Order,8218.13
RET01243,TXN002666,2024-09-16,Changed Mind,32173.82
RET01244,TXN005412,2025-08-21,Defective Product,298.71
RET01245,TXN024074,2024-08-02,Defective Product,2777.72
RET01246,TXN032955,2025-05-24,Quality Not as Expected,25405.93
RET01247,TXN035520,2025-03-07,Damaged in Transit,45384.96
RET01248,TXN027215,2024-12-25,Defective Product,1676.44
RET01249,TXN003458,2024-03-09,Wrong Item Delivered,2830.41
RET01250,TXN042479,2024-09-26,Size/Fit Issue,6296.66
RET01251,TXN023340,2025-11-20,Changed Mind,11008.42
RET01252,TXN017888,2025-01-22,Duplicate Order,21922.29
RET01253,TXN042368,2025-07-22,Quality Not as Expected,12661.88
RET01254,TXN002549,2025-01-19,Defective Product,11101.72
RET01255,TXN016142,2024-03-26,Defective Product,4648.51
RET01256,TXN042932,2025-01-08,Damaged in Transit,10022.28
RET01257,TXN041557,2025-07-30,Duplicate Order,5098.47
RET01258,TXN032277,2024-06-03,Defective Product,9709.12
RET01259,TXN018373,2025-05-11,Duplicate Order,6739.79
RET01260,TXN016296,2025-03-18,Wrong Item Delivered,6769.6
RET01261,TXN006492,2024-05-18,Size/Fit Issue,7723.93
RET01262,TXN023593,2025-05-18,Wrong Item Delivered,16920.82
RET01263,TXN015223,2025-03-13,Quality Not as Expected,6142.48
RET01264,TXN016532,2024-07-02,Quality Not as Expected,9090.24
RET01265,TXN040955,2024-07-05,Wrong Item Delivered,8486.85
RET01266,TXN002965,2025-07-13,Quality Not as Expected,64315.09
RET01267,TXN009052,2024-12-01,Quality Not as Expected,10934.32
RET01268,TXN020253,2024-01-13,Damaged in Transit,30353.58
RET01269,TXN041449,2025-10-31,Damaged in Transit,376.99
RET01270,TXN034094,2025-09-24,Defective Product,9071.72
RET01271,TXN032641,2024-03-01,Defective Product,27527.97
RET01272,TXN001070,2024-08-29,Duplicate Order,10007.67
RET01273,TXN030222,2024-03-09,Size/Fit Issue,3541.23
RET01274,TXN037970,2024-11-20,Defective Product,6241.66
RET01275,TXN031374,2024-04-11,Damaged in Transit,3580.17
RET01276,TXN033367,2025-11-05,Quality Not as Expected,31763.33
RET01277,TXN032288,2025-12-01,Changed Mind,9666.44
RET01278,TXN011243,2025-07-05,Quality Not as Expected,2305.89
RET01279,TXN039028,2025-03-31,Quality Not as Expected,11718.3
RET01280,TXN006711,2024-09-21,Size/Fit Issue,4958.22
RET01281,TXN009691,2024-08-12,Duplicate Order,13472.2
RET01282,TXN002289,2024-07-09,Changed Mind,22028.57
RET01283,TXN022930,2024-10-29,Duplicate Order,36478.52
RET01284,TXN036118,2024-07-16,Damaged in Transit,617.82
RET01285,TXN014625,2025-10-15,Size/Fit Issue,14743.58
RET01286,TXN036451,2025-03-01,Duplicate Order,18189.89
RET01287,TXN018618,2026-01-07,Size/Fit Issue,11855.74
RET01288,TXN038552,2024-03-20,Size/Fit Issue,15586.31
RET01289,TXN030249,2024-07-18,Duplicate Order,2220.18
RET01290,TXN005138,2025-06-28,Changed Mind,1828.23
RET01291,TXN035411,2024-09-14,Changed Mind,25126.98
RET01292,TXN034766,2025-03-13,Wrong Item Delivered,20504.86
RET01293,TXN036976,2025-07-13,Damaged in Transit,1835.72
RET01294,TXN003993,2024-02-28,Quality Not as Expected,38844.49
RET01295,TXN030668,2025-10-02,Changed Mind,12680.64
RET01296,TXN041653,2024-07-10,Damaged in Transit,3955.71
RET01297,TXN028307,2024-11-30,Quality Not as Expected,4351.41
RET01298,TXN021434,2024-01-26,Duplicate Order,62035.88
RET01299,TXN002627,2025-09-24,Wrong Item Delivered,46066.15
RET01300,TXN014474,2025-05-07,Damaged in Transit,13170.65
RET01301,TXN007214,2025-12-15,Wrong Item Delivered,777.93
RET01302,TXN004869,2025-03-04,Quality Not as Expected,39747.32
RET01303,TXN022985,2024-01-21,Damaged in Transit,21344.37
RET01304,TXN011778,2024-01-27,Size/Fit Issue,22880.63
RET01305,TXN022688,2024-02-17,Changed Mind,11248.43
RET01306,TXN034829,2025-06-12,Changed Mind,8210.48
RET01307,TXN004377,2025-03-31,Damaged in Transit,8469.32
RET01308,TXN022053,2025-04-27,Defective Product,27211.74
RET01309,TXN026720,2024-11-23,Defective Product,23578.07
RET01310,TXN021139,2024-11-05,Defective Product,16674.53
RET01311,TXN037006,2025-08-01,Damaged in Transit,7942.21
RET01312,TXN034875,2024-08-22,Defective Product,109811.4
RET01313,TXN041026,2024-05-13,Defective Product,4595.51
RET01314,TXN032673,2025-01-10,Defective Product,1051.48
RET01315,TXN016182,2025-12-10,Damaged in Transit,3439.01
RET01316,TXN027183,2024-11-29,Duplicate Order,17221.22
RET01317,TXN038702,2024-04-16,Damaged in Transit,1057.55
RET01318,TXN015437,2025-12-13,Wrong Item Delivered,6828.27
RET01319,TXN003567,2024-10-05,Damaged in Transit,2760.25
RET01320,TXN021655,2025-12-26,Wrong Item Delivered,39010.6
RET01321,TXN002202,2024-12-07,Duplicate Order,20478.02
RET01322,TXN044837,2025-09-04,Duplicate Order,11972.27
RET01323,TXN041269,2025-08-10,Changed Mind,27749.18
RET01324,TXN000316,2024-01-21,Size/Fit Issue,11703.13
RET01325,TXN019028,2024-06-18,Quality Not as Expected,5220.73
RET01326,TXN012491,2025-07-30,Changed Mind,1300.8
RET01327,TXN017880,2024-01-28,Defective Product,2412.77
RET01328,TXN012673,2024-08-16,Size/Fit Issue,18929.78
RET01329,TXN004296,2025-09-18,Defective Product,121476.48
RET01330,TXN024200,2025-11-08,Wrong Item Delivered,11754.25
RET01331,TXN043507,2025-11-13,Damaged in Transit,36343.3
RET01332,TXN038731,2025-02-19,Duplicate Order,4508.56
RET01333,TXN020043,2025-07-12,Duplicate Order,33945.62
RET01334,TXN005037,2025-05-29,Wrong Item Delivered,7217.9
RET01335,TXN016253,2024-11-16,Size/Fit Issue,5971.96
RET01336,TXN011281,2024-05-12,Changed Mind,8844.93
RET01337,TXN003429,2024-10-24,Defective Product,9097.31
RET01338,TXN041109,2025-05-24,Size/Fit Issue,8730.26
RET01339,TXN037501,2024-03-04,Changed Mind,2616.97
RET01340,TXN016271,2024-07-02,Damaged in Transit,43902.35
RET01341,TXN030943,2024-02-03,Damaged in Transit,34561.5
RET01342,TXN037338,2025-04-26,Damaged in Transit,10290.48
RET01343,TXN020140,2025-03-15,Size/Fit Issue,7390.09
RET01344,TXN040927,2024-08-23,Duplicate Order,37564.57
RET01345,TXN035578,2024-12-16,Damaged in Transit,167562.83
RET01346,TXN016450,2024-04-26,Defective Product,2999.18
RET01347,TXN022846,2024-10-04,Defective Product,3082.71
RET01348,TXN004561,2025-11-09,Wrong Item Delivered,50210.4
RET01349,TXN032073,2024-09-29,Wrong Item Delivered,5546.42
RET01350,TXN009128,2025-10-24,Quality Not as Expected,2680.84
RET01351,TXN035809,2025-06-01,Duplicate Order,3662.55
RET01352,TXN005475,2025-04-18,Changed Mind,268.3
RET01353,TXN010027,2024-08-10,Wrong Item Delivered,460.66
RET01354,TXN001218,2025-03-20,Size/Fit Issue,141521.89
RET01355,TXN025712,2024-03-06,Size/Fit Issue,45216.89
RET01356,TXN036986,2025-04-30,Changed Mind,2637.11
RET01357,TXN012546,2025-04-19,Quality Not as Expected,44153.2
RET01358,TXN008476,2025-07-03,Defective Product,11551.25
RET01359,TXN040373,2025-03-05,Quality Not as Expected,5108.32
RET01360,TXN021490,2024-02-01,Quality Not as Expected,6227.04
RET01361,TXN011815,2025-04-08,Damaged in Transit,1321.83
RET01362,TXN027307,2025-01-21,Defective Product,3242.54
RET01363,TXN043500,2025-09-03,Changed Mind,1075.9
RET01364,TXN007271,2025-10-05,Wrong Item Delivered,3024.52
RET01365,TXN044374,2025-11-29,Duplicate Order,17758.57
RET01366,TXN004968,2024-07-06,Changed Mind,14460.22
RET01367,TXN012585,2025-02-18,Quality Not as Expected,15153.88
RET01368,TXN011357,2024-09-07,Wrong Item Delivered,7622.55
RET01369,TXN037788,2024-04-23,Damaged in Transit,6312.91
RET01370,TXN004160,2025-11-04,Defective Product,1554.8
RET01371,TXN023569,2024-05-23,Changed Mind,1768.63
RET01372,TXN038404,2024-06-23,Changed Mind,10799.48
RET01373,TXN008534,2024-02-01,Duplicate Order,4981.02
RET01374,TXN026242,2024-08-18,Size/Fit Issue,584.73
RET01375,TXN003060,2025-03-08,Defective Product,4003.4
RET01376,TXN025553,2024-09-12,Damaged in Transit,11559.73
RET01377,TXN002893,2025-07-07,Size/Fit Issue,19418.89
RET01378,TXN031770,2025-09-20,Changed Mind,7251.63
RET01379,TXN020872,2025-05-28,Quality Not as Expected,9313.68
RET01380,TXN022493,2025-03-25,Wrong Item Delivered,931.51
RET01381,TXN014258,2025-02-24,Size/Fit Issue,13119.7
RET01382,TXN007260,2025-06-02,Wrong Item Delivered,1952.96
RET01383,TXN028232,2024-10-01,Defective Product,10552.66
RET01384,TXN032689,2024-02-26,Size/Fit Issue,8950.18
RET01385,TXN030998,2025-04-27,Duplicate Order,84328.36
RET01386,TXN034132,2024-02-25,Changed Mind,5427.18
RET01387,TXN037462,2024-10-22,Defective Product,3059.69
RET01388,TXN039468,2025-08-07,Duplicate Order,26342.05
RET01389,TXN038046,2025-11-25,Duplicate Order,16298.7
RET01390,TXN015335,2024-03-13,Quality Not as Expected,6537.07
RET01391,TXN004025,2025-04-22,Damaged in Transit,19679.81
RET01392,TXN000787,2024-04-08,Size/Fit Issue,7643.25
RET01393,TXN005002,2025-06-23,Wrong Item Delivered,20195.83
RET01394,TXN023564,2024-01-06,Wrong Item Delivered,33792.68
RET01395,TXN028090,2025-05-04,Duplicate Order,12778.36
RET01396,TXN022562,2024-03-04,Wrong Item Delivered,653.63
RET01397,TXN028877,2024-08-10,Size/Fit Issue,136.76
RET01398,TXN004023,2025-11-01,Size/Fit Issue,8496.84
RET01399,TXN001357,2024-10-28,Wrong Item Delivered,6937.95
RET01400,TXN025807,2025-04-01,Size/Fit Issue,5044.52
RET01401,TXN032595,2025-08-24,Damaged in Transit,3525.98
RET01402,TXN008150,2025-09-19,Duplicate Order,327.25
RET01403,TXN010381,2024-09-19,Duplicate Order,25525.67
RET01404,TXN021488,2025-05-22,Quality Not as Expected,7069.14
RET01405,TXN003150,2024-08-24,Size/Fit Issue,31031.73
RET01406,TXN028611,2025-08-11,Size/Fit Issue,15050.51
RET01407,TXN039338,2024-01-15,Damaged in Transit,55077.44
RET01408,TXN035514,2025-07-03,Quality Not as Expected,126603.47
RET01409,TXN013788,2025-06-03,Defective Product,24108.46
RET01410,TXN004487,2024-09-24,Quality Not as Expected,14295.63
RET01411,TXN009352,2025-04-20,Changed Mind,4219.11
RET01412,TXN012445,2025-08-26,Changed Mind,6037.37
RET01413,TXN011468,2024-04-23,Defective Product,11339.68
RET01414,TXN036465,2024-02-26,Damaged in Transit,8477.32
RET01415,TXN034117,2025-07-15,Duplicate Order,3013.96
RET01416,TXN029145,2025-07-10,Quality Not as Expected,3906.73
RET01417,TXN028013,2025-02-11,Duplicate Order,4473.87
RET01418,TXN036575,2025-03-24,Defective Product,76133.51
RET01419,TXN039210,2025-08-09,Wrong Item Delivered,5488.74
RET01420,TXN011661,2025-05-23,Duplicate Order,8980.76
RET01421,TXN009334,2024-11-07,Duplicate Order,5147.47
RET01422,TXN021504,2024-06-02,Size/Fit Issue,14798.89
RET01423,TXN023793,2024-10-16,Duplicate Order,611.15
RET01424,TXN015131,2025-11-26,Changed Mind,9728.02
RET01425,TXN041007,2025-07-05,Damaged in Transit,18520.59
RET01426,TXN026978,2025-01-12,Wrong Item Delivered,2250.44
RET01427,TXN006096,2024-06-26,Defective Product,33751.7
RET01428,TXN014287,2025-03-29,Duplicate Order,419.61
RET01429,TXN006307,2025-03-31,Defective Product,4601.31
RET01430,TXN032568,2025-10-07,Wrong Item Delivered,6326.65
RET01431,TXN006819,2025-12-23,Defective Product,12077.41
RET01432,TXN014000,2024-04-08,Wrong Item Delivered,4402.82
RET01433,TXN043331,2024-06-01,Wrong Item Delivered,2149.41
RET01434,TXN013894,2025-12-22,Defective Product,4106.09
RET01435,TXN035806,2024-05-26,Changed Mind,1837.45
RET01436,TXN043391,2024-07-26,Damaged in Transit,5043.33
RET01437,TXN033855,2024-05-26,Quality Not as Expected,8650.79
RET01438,TXN015039,2024-07-16,Damaged in Transit,40315.18
RET01439,TXN012644,2025-12-14,Defective Product,765.47
RET01440,TXN044248,2025-06-20,Changed Mind,27858.47
RET01441,TXN025608,2025-12-14,Duplicate Order,23614.82
RET01442,TXN013210,2025-01-31,Size/Fit Issue,18395.15
RET01443,TXN020136,2024-12-02,Wrong Item Delivered,5730.97
RET01444,TXN028198,2024-10-02,Size/Fit Issue,8873.06
RET01445,TXN005113,2024-07-11,Wrong Item Delivered,1173.53
RET01446,TXN010165,2025-12-28,Changed Mind,19402.92
RET01447,TXN043884,2024-02-28,Defective Product,1801.31
RET01448,TXN005585,2024-08-19,Duplicate Order,6481.68
RET01449,TXN026026,2025-12-15,Size/Fit Issue,1265.56
RET01450,TXN014431,2025-07-13,Wrong Item Delivered,75785.5
RET01451,TXN019522,2024-12-25,Duplicate Order,8616.41
RET01452,TXN029365,2025-09-02,Changed Mind,4695.17
RET01453,TXN010245,2025-01-12,Changed Mind,6506.6
RET01454,TXN003609,2024-06-20,Defective Product,10536.52
RET01455,TXN018291,2025-03-13,Quality Not as Expected,25871.21
RET01456,TXN030177,2024-07-26,Defective Product,810.37
RET01457,TXN008727,2025-05-18,Duplicate Order,171446.87
RET01458,TXN026315,2025-03-04,Duplicate Order,3389.81
RET01459,TXN001146,2025-05-11,Defective Product,22666.87
RET01460,TXN002748,2025-02-07,Changed Mind,22551.38
RET01461,TXN041333,2025-10-25,Quality Not as Expected,19324.4
RET01462,TXN034313,2025-07-07,Size/Fit Issue,34889.45
RET01463,TXN003034,2025-11-13,Changed Mind,2065.44
RET01464,TXN002223,2024-04-17,Quality Not as Expected,9451.32
RET01465,TXN043112,2025-09-20,Wrong Item Delivered,15722.35
RET01466,TXN038682,2025-06-18,Damaged in Transit,30416.71
RET01467,TXN005123,2025-05-30,Duplicate Order,2241.43
RET01468,TXN019328,2024-05-20,Size/Fit Issue,412.56
RET01469,TXN028635,2025-10-06,Size/Fit Issue,28821.11
RET01470,TXN039013,2025-08-10,Defective Product,19336.87
RET01471,TXN003722,2024-02-17,Size/Fit Issue,8190.78
RET01472,TXN006994,2024-01-14,Duplicate Order,2547.77
RET01473,TXN003670,2025-07-11,Wrong Item Delivered,9968.72
RET01474,TXN029799,2025-12-26,Quality Not as Expected,26624.33
RET01475,TXN011348,2024-02-23,Changed Mind,4350.11
RET01476,TXN004649,2024-09-11,Size/Fit Issue,15559.51
RET01477,TXN033857,2025-11-20,Size/Fit Issue,29931.95
RET01478,TXN044080,2024-09-18,Wrong Item Delivered,65250.51
RET01479,TXN020754,2024-03-07,Changed Mind,4924.83
RET01480,TXN026612,2024-07-04,Defective Product,4345.84
RET01481,TXN024372,2024-08-18,Size/Fit Issue,27246.25
RET01482,TXN016797,2025-07-31,Wrong Item Delivered,864.34
RET01483,TXN031162,2024-03-13,Changed Mind,8305.63
RET01484,TXN019817,2024-02-11,Damaged in Transit,21556.3
RET01485,TXN038877,2025-07-15,Duplicate Order,6444.25
RET01486,TXN035844,2025-04-20,Defective Product,9609.84
RET01487,TXN019933,2024-11-21,Size/Fit Issue,17205.56
RET01488,TXN007842,2025-09-30,Wrong Item Delivered,2007.65
RET01489,TXN030883,2025-10-08,Quality Not as Expected,15577.04
RET01490,TXN008468,2024-06-11,Changed Mind,402.29
RET01491,TXN000205,2025-01-02,Duplicate Order,2794.97
RET01492,TXN041820,2025-10-03,Defective Product,309.16
RET01493,TXN005231,2025-07-23,Damaged in Transit,12794.73
RET01494,TXN031195,2025-08-30,Size/Fit Issue,4496.97
RET01495,TXN018474,2025-03-26,Changed Mind,3842.42
RET01496,TXN039576,2024-09-03,Duplicate Order,3473.96
RET01497,TXN042155,2024-03-25,Defective Product,33645.06
RET01498,TXN022944,2024-11-15,Defective Product,6553.29
RET01499,TXN008055,2024-07-05,Changed Mind,7900.15
RET01500,TXN015917,2025-01-02,Duplicate Order,3273.87
RET01501,TXN016141,2024-10-15,Damaged in Transit,2252.45
RET01502,TXN017801,2024-03-21,Wrong Item Delivered,46601.27
RET01503,TXN006450,2025-10-18,Duplicate Order,12266.36
RET01504,TXN007320,2024-11-17,Damaged in Transit,40719.03
RET01505,TXN003700,2024-12-08,Duplicate Order,1822.96
RET01506,TXN006884,2025-03-08,Defective Product,10871.8
RET01507,TXN031947,2025-09-20,Changed Mind,952.37
RET01508,TXN014688,2024-07-23,Wrong Item Delivered,7429.12
RET01509,TXN004063,2025-05-06,Quality Not as Expected,22422.56
RET01510,TXN008930,2024-01-18,Quality Not as Expected,7573.99
RET01511,TXN012518,2024-02-21,Quality Not as Expected,3298.9
RET01512,TXN031218,2024-05-20,Changed Mind,2865.46
RET01513,TXN008377,2025-04-30,Wrong Item Delivered,4879.82
RET01514,TXN034852,2025-09-22,Quality Not as Expected,53920.42
RET01515,TXN017483,2024-09-15,Damaged in Transit,531.69
RET01516,TXN043099,2024-08-15,Wrong Item Delivered,2075.63
RET01517,TXN028781,2024-03-15,Changed Mind,7405.88
RET01518,TXN026641,2024-03-29,Quality Not as Expected,8688.86
RET01519,TXN030433,2024-10-08,Size/Fit Issue,104709.47
RET01520,TXN016800,2025-10-06,Wrong Item Delivered,5018.44
RET01521,TXN024140,2024-07-03,Quality Not as Expected,6040.39
RET01522,TXN024966,2025-11-18,Changed Mind,6186.89
RET01523,TXN013391,2024-01-23,Quality Not as Expected,19764.59
RET01524,TXN017247,2025-02-08,Wrong Item Delivered,4932.26
RET01525,TXN012976,2024-08-08,Size/Fit Issue,8634.49
RET01526,TXN026646,2025-04-17,Defective Product,15473.84
RET01527,TXN040726,2025-10-18,Duplicate Order,17680.5
RET01528,TXN020473,2024-12-12,Quality Not as Expected,665.18
RET01529,TXN012993,2024-03-21,Quality Not as Expected,46516.06
RET01530,TXN005219,2024-09-18,Damaged in Transit,562.59
RET01531,TXN043532,2025-02-22,Changed Mind,5327.2
RET01532,TXN028577,2025-12-10,Wrong Item Delivered,31937.33
RET01533,TXN031481,2024-03-16,Defective Product,5075.93
RET01534,TXN039398,2025-04-05,Size/Fit Issue,4345.87
RET01535,TXN026538,2025-06-11,Defective Product,5449.92
RET01536,TXN029361,2024-06-03,Wrong Item Delivered,241.27
RET01537,TXN041314,2025-02-03,Wrong Item Delivered,1579.34
RET01538,TXN015564,2024-07-23,Quality Not as Expected,1871.02
RET01539,TXN031998,2025-05-14,Damaged in Transit,3817.85
RET01540,TXN041252,2025-09-12,Quality Not as Expected,14333.5
RET01541,TXN043972,2026-01-17,Size/Fit Issue,26718.81
RET01542,TXN005437,2025-09-26,Duplicate Order,23658.53
RET01543,TXN031861,2024-08-29,Duplicate Order,13351.95
RET01544,TXN030244,2025-01-31,Defective Product,121652.24
RET01545,TXN035528,2025-02-23,Size/Fit Issue,8794.55
RET01546,TXN032133,2024-02-11,Changed Mind,648.07
RET01547,TXN031858,2025-08-07,Damaged in Transit,9629.71
RET01548,TXN037962,2024-04-22,Defective Product,1046.57
RET01549,TXN018140,2025-03-08,Changed Mind,32090.2
RET01550,TXN021859,2025-03-14,Quality Not as Expected,4915.79
RET01551,TXN014912,2024-06-24,Duplicate Order,12054.39
RET01552,TXN044697,2026-01-01,Damaged in Transit,4069.97
RET01553,TXN025764,2024-04-21,Damaged in Transit,19270.35
RET01554,TXN037631,2024-12-23,Size/Fit Issue,1392.87
RET01555,TXN042350,2025-11-28,Changed Mind,25131.13
RET01556,TXN036105,2025-02-17,Damaged in Transit,13493.38
RET01557,TXN009285,2025-04-12,Quality Not as Expected,7619.08
RET01558,TXN035318,2025-06-04,Size/Fit Issue,5582.72
RET01559,TXN015526,2025-06-13,Changed Mind,485.12
RET01560,TXN033936,2024-06-29,Size/Fit Issue,1098.02
RET01561,TXN012088,2024-10-29,Changed Mind,42640.76
RET01562,TXN040826,2024-07-07,Defective Product,4189.31
RET01563,TXN019174,2024-05-19,Defective Product,11041.96
RET01564,TXN042185,2025-08-08,Quality Not as Expected,6647.72
RET01565,TXN012466,2024-04-13,Defective Product,21967.81
RET01566,TXN017424,2024-10-21,Changed Mind,17333.54
RET01567,TXN026899,2025-02-25,Wrong Item Delivered,8382.83
RET01568,TXN011037,2024-05-31,Wrong Item Delivered,31741.88
RET01569,TXN014944,2024-09-15,Quality Not as Expected,2438.62
RET01570,TXN001888,2024-05-23,Damaged in Transit,11241.19
RET01571,TXN022385,2025-01-08,Duplicate Order,4203.0
RET01572,TXN013039,2024-11-15,Damaged in Transit,4131.34
RET01573,TXN022859,2025-04-23,Size/Fit Issue,5391.75
RET01574,TXN038254,2024-04-14,Size/Fit Issue,14717.2
RET01575,TXN021489,2024-06-11,Changed Mind,697.9
RET01576,TXN000971,2024-04-26,Quality Not as Expected,157756.35
RET01577,TXN037947,2025-11-30,Size/Fit Issue,17554.16
RET01578,TXN034712,2024-10-30,Quality Not as Expected,43755.03
RET01579,TXN020944,2025-02-01,Defective Product,14482.57
RET01580,TXN029757,2024-10-21,Damaged in Transit,28061.54
RET01581,TXN033682,2025-06-01,Defective Product,12961.12
RET01582,TXN021542,2024-02-14,Size/Fit Issue,8218.76
RET01583,TXN004647,2025-09-21,Duplicate Order,1837.88
RET01584,TXN044036,2024-12-24,Wrong Item Delivered,14800.5
RET01585,TXN041732,2025-05-28,Changed Mind,8131.37
RET01586,TXN011244,2025-01-04,Defective Product,19422.69
RET01587,TXN017855,2024-07-20,Size/Fit Issue,7338.65
RET01588,TXN033333,2025-05-03,Changed Mind,5880.93
RET01589,TXN038362,2024-06-18,Damaged in Transit,893.32
RET01590,TXN041225,2024-01-29,Duplicate Order,18470.8
RET01591,TXN028754,2024-11-01,Quality Not as Expected,128798.37
RET01592,TXN012142,2025-06-19,Changed Mind,1399.9
RET01593,TXN010587,2025-06-10,Changed Mind,8902.79
RET01594,TXN014077,2025-10-26,Damaged in Transit,3332.69
RET01595,TXN033683,2025-06-29,Size/Fit Issue,725.24
RET01596,TXN008408,2025-03-18,Size/Fit Issue,6812.57
RET01597,TXN034764,2025-09-18,Damaged in Transit,3623.41
RET01598,TXN006862,2025-11-18,Damaged in Transit,19525.47
RET01599,TXN021092,2024-03-04,Size/Fit Issue,20077.5
RET01600,TXN005411,2025-02-02,Damaged in Transit,5469.82
RET01601,TXN041894,2025-11-14,Duplicate Order,11916.99
RET01602,TXN001129,2025-06-25,Quality Not as Expected,6667.69
RET01603,TXN024565,2024-06-09,Size/Fit Issue,13345.76
RET01604,TXN032981,2024-08-17,Wrong Item Delivered,1471.1
RET01605,TXN018847,2025-10-24,Quality Not as Expected,35299.56
RET01606,TXN006387,2024-08-25,Changed Mind,690.08
RET01607,TXN019248,2024-03-27,Damaged in Transit,4848.45
RET01608,TXN009879,2025-07-14,Wrong Item Delivered,1059.17
RET01609,TXN012471,2025-11-01,Defective Product,1592.56
RET01610,TXN027407,2025-11-21,Size/Fit Issue,492.82
RET01611,TXN012121,2024-12-01,Size/Fit Issue,2730.57
RET01612,TXN011304,2024-11-24,Changed Mind,8328.56
RET01613,TXN041855,2025-11-25,Wrong Item Delivered,7691.09
RET01614,TXN004290,2025-08-02,Quality Not as Expected,10595.59
RET01615,TXN022188,2025-08-02,Wrong Item Delivered,3482.71
RET01616,TXN002539,2025-05-28,Duplicate Order,1256.2
RET01617,TXN012265,2024-04-14,Changed Mind,5408.75
RET01618,TXN008031,2024-11-02,Size/Fit Issue,5441.58
RET01619,TXN010910,2025-01-14,Duplicate Order,7211.22
RET01620,TXN031113,2025-10-02,Wrong Item Delivered,1344.23
RET01621,TXN034274,2025-03-01,Wrong Item Delivered,6887.65
RET01622,TXN029228,2025-04-15,Size/Fit Issue,16043.86
RET01623,TXN019657,2024-04-11,Changed Mind,82254.84
RET01624,TXN038437,2024-01-23,Size/Fit Issue,4835.63
RET01625,TXN033868,2025-05-01,Changed Mind,29156.91
RET01626,TXN017929,2025-07-07,Wrong Item Delivered,14624.74
RET01627,TXN015885,2025-06-23,Duplicate Order,47072.29
RET01628,TXN000621,2025-10-06,Changed Mind,6542.78
RET01629,TXN044100,2025-08-08,Wrong Item Delivered,6516.41
RET01630,TXN015527,2024-02-22,Defective Product,7126.56
RET01631,TXN003994,2025-06-12,Duplicate Order,9508.58
RET01632,TXN039053,2024-02-27,Quality Not as Expected,3290.26
RET01633,TXN018999,2024-08-03,Defective Product,4251.32
RET01634,TXN004401,2025-05-31,Size/Fit Issue,6216.7
RET01635,TXN016556,2024-06-13,Quality Not as Expected,16267.81
RET01636,TXN037703,2024-03-11,Duplicate Order,3119.78
RET01637,TXN005159,2025-01-26,Size/Fit Issue,25368.11
RET01638,TXN019254,2024-09-08,Duplicate Order,14019.69
RET01639,TXN006177,2025-12-19,Quality Not as Expected,12361.75
RET01640,TXN026069,2024-05-02,Duplicate Order,4901.19
RET01641,TXN008202,2026-01-02,Size/Fit Issue,15676.83
RET01642,TXN044625,2025-07-01,Defective Product,16119.38
RET01643,TXN015030,2025-10-23,Defective Product,22236.23
RET01644,TXN029025,2025-01-13,Quality Not as Expected,5064.09
RET01645,TXN003968,2024-12-03,Quality Not as Expected,50195.19
RET01646,TXN007229,2024-10-02,Changed Mind,11308.88
RET01647,TXN038613,2025-01-12,Duplicate Order,5972.23
RET01648,TXN003534,2025-06-08,Wrong Item Delivered,3297.68
RET01649,TXN014104,2024-01-04,Duplicate Order,12594.53
RET01650,TXN009937,2024-06-29,Changed Mind,3395.21
RET01651,TXN032508,2025-02-11,Changed Mind,6048.89
RET01652,TXN017828,2024-10-23,Damaged in Transit,11226.96
RET01653,TXN028405,2025-08-30,Defective Product,4639.31
RET01654,TXN011024,2025-02-25,Defective Product,20893.92
RET01655,TXN016528,2024-08-08,Quality Not as Expected,1121.49
RET01656,TXN021338,2024-05-31,Damaged in Transit,1119.08
RET01657,TXN031785,2025-10-12,Changed Mind,178703.3
RET01658,TXN025180,2025-11-25,Duplicate Order,646.17
RET01659,TXN039875,2025-03-13,Quality Not as Expected,651.93
RET01660,TXN003654,2024-06-29,Defective Product,3917.05
RET01661,TXN012888,2024-03-17,Duplicate Order,8003.21
RET01662,TXN039109,2025-08-11,Defective Product,7077.83
RET01663,TXN001000,2024-10-08,Defective Product,7776.33
RET01664,TXN027246,2025-06-17,Quality Not as Expected,65913.69
RET01665,TXN010752,2024-04-18,Size/Fit Issue,14221.17
RET01666,TXN044217,2024-08-20,Size/Fit Issue,8606.69
RET01667,TXN034232,2025-12-06,Damaged in Transit,70929.28
RET01668,TXN017059,2024-08-20,Size/Fit Issue,20031.36
RET01669,TXN015737,2024-08-13,Wrong Item Delivered,10543.63
RET01670,TXN023536,2025-02-25,Size/Fit Issue,2885.28
RET01671,TXN032427,2025-05-05,Size/Fit Issue,16651.34
RET01672,TXN044688,2024-08-13,Damaged in Transit,27907.4
RET01673,TXN043774,2024-04-17,Wrong Item Delivered,10383.42
RET01674,TXN011787,2024-04-08,Damaged in Transit,6085.82
RET01675,TXN025160,2024-05-17,Size/Fit Issue,4448.97
RET01676,TXN000741,2024-03-15,Damaged in Transit,6866.52
RET01677,TXN032078,2024-04-26,Size/Fit Issue,2255.68
RET01678,TXN031533,2025-11-27,Duplicate Order,41199.55
RET01679,TXN007373,2026-01-06,Changed Mind,7745.85
RET01680,TXN000395,2025-07-07,Quality Not as Expected,4687.14
RET01681,TXN037089,2024-01-26,Size/Fit Issue,65951.17
RET01682,TXN001314,2024-05-19,Damaged in Transit,2606.32
RET01683,TXN004285,2025-03-14,Size/Fit Issue,15951.95
RET01684,TXN029963,2025-10-08,Wrong Item Delivered,2653.65
RET01685,TXN022717,2024-03-02,Wrong Item Delivered,11453.99
RET01686,TXN014924,2025-08-02,Quality Not as Expected,4334.56
RET01687,TXN042926,2025-08-10,Changed Mind,2086.46
RET01688,TXN015367,2024-10-03,Wrong Item Delivered,9091.1
RET01689,TXN009431,2025-12-28,Quality Not as Expected,3951.97
RET01690,TXN034326,2024-05-08,Defective Product,5076.57
RET01691,TXN040327,2024-05-31,Wrong Item Delivered,11614.48
RET01692,TXN040142,2025-07-19,Damaged in Transit,7558.65
RET01693,TXN036481,2025-05-21,Quality Not as Expected,9251.44
RET01694,TXN021347,2024-01-15,Wrong Item Delivered,1703.78
RET01695,TXN041816,2025-01-20,Wrong Item Delivered,20056.1
RET01696,TXN037510,2025-05-25,Changed Mind,19419.95
RET01697,TXN006864,2024-12-15,Size/Fit Issue,21097.68
RET01698,TXN023999,2025-05-16,Wrong Item Delivered,6642.59
RET01699,TXN038313,2025-09-23,Duplicate Order,3867.33
RET01700,TXN002333,2025-06-09,Duplicate Order,159.87
RET01701,TXN043205,2025-01-28,Damaged in Transit,139.97
RET01702,TXN037642,2024-06-18,Changed Mind,3355.98
RET01703,TXN039457,2024-03-07,Damaged in Transit,3567.51
RET01704,TXN008990,2025-09-13,Damaged in Transit,5941.17
RET01705,TXN032124,2024-04-16,Defective Product,76001.64
RET01706,TXN005939,2025-02-03,Quality Not as Expected,230.55
RET01707,TXN002987,2024-09-03,Changed Mind,48112.07
RET01708,TXN013032,2024-01-14,Size/Fit Issue,3420.26
RET01709,TXN026521,2025-04-08,Damaged in Transit,43548.86
RET01710,TXN006415,2024-07-16,Changed Mind,5802.19
RET01711,TXN029429,2025-07-12,Duplicate Order,4247.58
RET01712,TXN014945,2024-06-15,Size/Fit Issue,30589.73
RET01713,TXN030768,2025-04-24,Defective Product,2370.54
RET01714,TXN036162,2025-08-04,Duplicate Order,614.72
RET01715,TXN000081,2024-10-09,Size/Fit Issue,2979.75
RET01716,TXN014480,2024-02-22,Wrong Item Delivered,41719.87
RET01717,TXN034029,2024-12-04,Damaged in Transit,46480.35
RET01718,TXN019556,2025-03-28,Quality Not as Expected,1588.53
RET01719,TXN026495,2025-06-25,Wrong Item Delivered,1037.15
RET01720,TXN021891,2024-06-20,Defective Product,1798.36
RET01721,TXN043351,2025-04-11,Damaged in Transit,5477.75
RET01722,TXN036176,2024-11-09,Size/Fit Issue,5301.42
RET01723,TXN026968,2024-04-05,Damaged in Transit,18491.09
RET01724,TXN005464,2024-03-01,Defective Product,8690.23
RET01725,TXN040681,2024-08-24,Defective Product,10030.4
RET01726,TXN042923,2024-02-16,Damaged in Transit,8491.45
RET01727,TXN001852,2025-12-11,Damaged in Transit,16247.94
RET01728,TXN024236,2024-05-02,Wrong Item Delivered,9073.8
RET01729,TXN008350,2025-06-28,Damaged in Transit,228.87
RET01730,TXN016331,2025-02-27,Duplicate Order,16677.59
RET01731,TXN036548,2025-02-07,Size/Fit Issue,1460.89
RET01732,TXN038401,2024-07-12,Changed Mind,5566.98
RET01733,TXN025176,2024-05-12,Damaged in Transit,14203.19
RET01734,TXN005490,2025-01-10,Defective Product,271.09
RET01735,TXN034888,2024-04-14,Damaged in Transit,9093.09
RET01736,TXN030094,2025-02-10,Wrong Item Delivered,3440.66
RET01737,TXN033957,2025-06-14,Wrong Item Delivered,12518.52
RET01738,TXN040691,2024-07-27,Duplicate Order,5823.18
RET01739,TXN015427,2026-01-05,Duplicate Order,19082.52
RET01740,TXN031409,2024-05-22,Size/Fit Issue,94640.73
RET01741,TXN030200,2025-07-20,Changed Mind,11732.83
RET01742,TXN044280,2024-09-18,Damaged in Transit,19695.08
RET01743,TXN030047,2025-09-07,Size/Fit Issue,5311.83
RET01744,TXN012926,2025-09-09,Quality Not as Expected,29721.31
RET01745,TXN001973,2024-08-17,Damaged in Transit,1898.44
RET01746,TXN013228,2025-01-26,Quality Not as Expected,24251.04
RET01747,TXN030525,2024-06-04,Quality Not as Expected,1981.73
RET01748,TXN013405,2024-04-02,Changed Mind,6742.99
RET01749,TXN038609,2025-03-14,Defective Product,11480.97
RET01750,TXN001667,2024-12-28,Size/Fit Issue,1454.59
RET01751,TXN038776,2024-04-29,Size/Fit Issue,52317.12
RET01752,TXN004510,2025-04-25,Size/Fit Issue,43831.02
RET01753,TXN043535,2024-06-01,Size/Fit Issue,11431.12
RET01754,TXN024497,2025-08-15,Size/Fit Issue,49194.45
RET01755,TXN044786,2024-09-25,Defective Product,4768.08
RET01756,TXN040044,2024-07-16,Wrong Item Delivered,14728.41
RET01757,TXN042826,2025-06-22,Duplicate Order,99269.79
RET01758,TXN015092,2024-05-18,Duplicate Order,13900.69
RET01759,TXN027224,2024-12-02,Changed Mind,19769.96
RET01760,TXN038805,2025-02-17,Defective Product,1811.48
RET01761,TXN039312,2024-07-08,Damaged in Transit,24391.11
RET01762,TXN005575,2025-11-08,Duplicate Order,330.86
RET01763,TXN044963,2024-04-23,Quality Not as Expected,26571.87
RET01764,TXN011018,2024-06-03,Duplicate Order,5056.3
RET01765,TXN008725,2024-08-03,Defective Product,18056.17
RET01766,TXN038904,2025-08-09,Changed Mind,36889.81
RET01767,TXN040200,2024-12-15,Duplicate Order,5447.95
RET01768,TXN036536,2024-01-24,Size/Fit Issue,60317.29
RET01769,TXN043930,2025-08-23,Size/Fit Issue,11985.88
RET01770,TXN031245,2024-01-29,Defective Product,726.42
RET01771,TXN041909,2025-08-02,Size/Fit Issue,12962.8
RET01772,TXN007192,2024-04-06,Damaged in Transit,33174.48
RET01773,TXN042794,2024-01-23,Damaged in Transit,12637.79
RET01774,TXN027793,2025-01-04,Defective Product,3707.53
RET01775,TXN014289,2025-06-08,Changed Mind,12421.3
RET01776,TXN015380,2024-03-19,Quality Not as Expected,2600.02
RET01777,TXN038829,2025-06-28,Wrong Item Delivered,10194.38
RET01778,TXN008098,2025-05-15,Quality Not as Expected,16430.06
RET01779,TXN040666,2024-09-11,Damaged in Transit,10544.4
RET01780,TXN043696,2024-06-19,Size/Fit Issue,7447.51
RET01781,TXN039796,2024-10-25,Changed Mind,3830.12
RET01782,TXN032540,2024-08-31,Damaged in Transit,35356.27
RET01783,TXN031227,2025-11-30,Wrong Item Delivered,809.43
RET01784,TXN034756,2025-04-27,Size/Fit Issue,9267.36
RET01785,TXN042178,2025-09-25,Wrong Item Delivered,138.25
RET01786,TXN026530,2024-12-17,Quality Not as Expected,240.41
RET01787,TXN012305,2025-06-04,Duplicate Order,14576.77
RET01788,TXN009503,2024-01-30,Duplicate Order,8557.16
RET01789,TXN023721,2025-01-13,Size/Fit Issue,19166.71
RET01790,TXN042879,2025-04-13,Quality Not as Expected,653.06
RET01791,TXN003560,2025-08-09,Damaged in Transit,1665.25
RET01792,TXN043396,2025-05-04,Defective Product,5092.74
RET01793,TXN020449,2025-07-29,Damaged in Transit,5039.13
RET01794,TXN015622,2024-10-27,Duplicate Order,3198.71
RET01795,TXN011886,2025-02-22,Size/Fit Issue,115968.54
RET01796,TXN044015,2025-12-23,Damaged in Transit,27316.32
RET01797,TXN030268,2025-06-11,Quality Not as Expected,4587.35
RET01798,TXN000406,2024-03-26,Changed Mind,5614.06
RET01799,TXN039251,2024-10-24,Quality Not as Expected,38426.44
RET01800,TXN040689,2024-12-15,Duplicate Order,17309.7
RET01801,TXN900000,2025-06-01,Defective Product,4760.92
RET01802,TXN900001,2025-06-02,Changed Mind,18309.57
RET01803,TXN900002,2025-06-03,Damaged in Transit,10117.87
RET01804,TXN900003,2025-06-04,Quality Not as Expected,8992.28
RET01805,TXN900004,2025-06-05,Quality Not as Expected,12451.0
RET01806,TXN900005,2025-06-06,Duplicate Order,19435.83
RET01807,TXN900006,2025-06-07,Duplicate Order,10886.48
RET01808,TXN900007,2025-06-08,Defective Product,9215.72
RET01809,TXN900008,2025-06-09,Damaged in Transit,4933.84
RET01810,TXN900009,2025-06-10,Damaged in Transit,21594.68
RET01811,TXN900010,2025-06-11,Duplicate Order,8269.0
RET01812,TXN900011,2025-06-12,Duplicate Order,3692.51
